attr_name	Control1	Control2	Control3	Control4	Control5	Control6	Control7	Control8	Control9	Control10	Control11	Control12	Control13	Control15	Control16	Control17
27237	5.09232190765997	14.7541423472089	0	3.40387022459617	0.864007954898155	4.26212616406228	0.910921432100928	2.28046838144188	5.2378561304065	24.6033271902086	3.7926835391165	5.92113252889075	0	9.60644762722478	7.23581169025502	0.93241393390945
148645	0	0	1.06876406868096	0	0	0	0	0	0	0	0	0	0	0	0	0
3604	1.69744063588666	0.922133896700558	1.06876406868096	0	4.32003977449078	0	4.55460716050464	0	14.6659971651382	0	0	1.18422650577815	0	2.95583003914609	0	0
374946	0.848720317943328	1.84426779340112	0	1.70193511229809	1.72801590979631	0	1.82184286420186	0	1.0475712260813	2.46033271902086	0	8.28958554044704	1.81039225493721	11.0843626467978	7.23581169025502	0.93241393390945
26279	0.848720317943328	0	6.41258441208578	0	3.45603181959262	2.55727569843737	0	0	3.1427136782439	4.92066543804171	0	3.55267951733445	0	0	0.904476461281877	0
3352	0.848720317943328	0	0	2.55290266844713	0.864007954898155	0	0	0	0	0	0	0	0	0	0	0.93241393390945
1870	1.69744063588666	6.45493727690391	2.13752813736193	3.40387022459617	4.32003977449078	0	5.46552859260557	15.9632786700932	15.7135683912195	3.69049907853128	27.8130126201877	1.18422650577815	9.05196127468607	8.86749011743826	18.9940056869194	24.2427622816457
864	54.318100348373	12.9098745538078	10.6876406868096	55.3128911496878	63.0725807075653	34.0970093124983	13.6638214815139	6.84140514432564	25.1417094259512	67.6591497730736	12.6422784637217	8.28958554044704	9.05196127468607	16.2570652153035	20.8029586094832	26.1075901494646
105376878	1.69744063588666	0	0	1.70193511229809	0	1.70485046562491	0.910921432100928	0	1.0475712260813	1.23016635951043	0	0	0	0.738957509786521	0	0
55057	0	0	0	2.55290266844713	0.864007954898155	1.70485046562491	0	1.14023419072094	0	4.92066543804171	0	1.18422650577815	0	3.69478754893261	0	2.79724180172835
63967	5.09232190765997	12.9098745538078	6.41258441208578	24.6780591283222	25.9202386469447	0.852425232812456	10.9310571852111	25.0851521958607	37.7125641389268	19.6826617521669	37.926835391165	18.9476240924504	47.0701986283676	19.2128952544496	37.083534912557	35.4317294885591
55143	13.5795250870932	68.2379083558413	18.1689891675764	11.0625782299376	20.7361909175557	13.6388037249993	24.5948786667251	31.9265573401863	20.951424521626	13.5318299546147	13.9065063100938	24.8687566213411	5.43117676481164	31.0362154110339	22.6119115320469	42.8910409598347
991	22.9154485844698	91.2912557733553	8.5501125494477	11.0625782299376	30.2402784214354	3.40970093124983	22.7730358025232	41.0484308659538	102.661980155967	25.833493549719	59.4187087794919	76.9747228755797	41.6390218635559	106.409881409259	117.581939966644	151.051057293331
11004	44.9821768509964	52.5616321119318	21.3752813736193	15.3174160106828	44.9284136547041	7.67182709531211	101.112278963203	59.2921779174889	72.2824145996097	22.1429944711877	39.1910632375372	39.0794746906789	36.2078450987443	68.7230484101465	69.6446875187046	85.7820819196694
2301	0.848720317943328	0.922133896700558	0	0.850967556149043	0	0.852425232812456	0	1.14023419072094	0	0	0	0	0	0.738957509786521	0	0
5865	2.54616095382998	1.84426779340112	1.06876406868096	0.850967556149043	169.345559160038	2.55727569843737	2.73276429630278	3.42070257216282	1.0475712260813	2.46033271902086	0	5.92113252889075	5.43117676481164	15.5181077055169	0	2.79724180172835
51361	8.48720317943328	0.922133896700558	1.06876406868096	304.646385101357	5.18404772938893	5.11455139687474	4.55460716050464	1.14023419072094	3.1427136782439	8.611164516573	0	3.55267951733445	5.43117676481164	0.738957509786521	8.1402881515369	0
1573	6.78976254354662	0	1.06876406868096	2.55290266844713	6.04805568428709	0	0.910921432100928	0	0	4.92066543804171	3.7926835391165	1.18422650577815	7.24156901974886	6.65061758807869	0	0.93241393390945
100996301	0	0	0	4.25483778074521	0.864007954898155	0	0	0	0	0	0	0	0	1.47791501957304	0	0
55635	9.3359234973766	117.111004880971	4.27505627472385	6.80774044919234	14.6881352332686	55.4076401328097	26.4167215309269	118.584355834978	103.709551382049	12.3016635951043	40.4552910839094	24.8687566213411	1.81039225493721	23.6466403131687	51.555158293067	35.4317294885591
81849	5.09232190765997	1.84426779340112	3.20629220604289	316.559930887444	102.81694663288	34.0970093124983	79.2501645927808	21.6644496236979	0	15.9921626736356	61.9471644722362	21.3160771040067	1.81039225493721	124.883819153922	37.083534912557	2.79724180172835
26289	4.24360158971664	10.1434728637061	2.13752813736193	7.65870800534138	1.72801590979631	0.852425232812456	29.1494858272297	0	1.0475712260813	3.69049907853128	12.6422784637217	43.8163807137915	9.05196127468607	31.0362154110339	24.4208644546107	32.6344876868307
23566	0	0	0	0	0	2.55727569843737	0	0	0	0	0	0	1.81039225493721	0	0	1.8648278678189
115362	179.928707403985	19.3648118307117	2.13752813736193	57.0148262619859	51.8404772938893	88.6522242124955	30.0604072593306	13.6828102886513	151.897827781788	61.5083179755214	16.4349620028382	17.7633975866722	5.43117676481164	25.8635128425282	37.083534912557	15.8510368764606
1301	15.2769657229799	15.6762762439095	19.2377532362573	125.943198310058	0.864007954898155	0	184.006129284388	6.84140514432564	14.6659971651382	59.0479852565006	106.195139095262	28.4214361386756	10.8623535296233	200.257485152147	682.879728267817	34.4993155546496
653149	0.848720317943328	1.84426779340112	0	3.40387022459617	0	0.852425232812456	0.910921432100928	1.14023419072094	0	0	0	0	0	0	0	0.93241393390945
653820	18.6718469947532	20.2869457274123	7.48134848076674	15.3174160106828	7.7760715940834	12.7863784921868	11.8419786173121	18.243747051535	24.0941381998699	3.69049907853128	7.58536707823301	3.55267951733445	7.24156901974886	4.43374505871913	9.04476461281877	9.3241393390945
554282	4.24360158971664	9.22133896700558	3.20629220604289	7.65870800534138	5.18404772938893	10.2291027937495	6.3764500247065	10.2621077164885	8.38056980865039	4.92066543804171	3.7926835391165	2.3684530115563	1.81039225493721	5.17270256850565	9.04476461281877	1.8648278678189
728833	13.5795250870932	14.7541423472089	9.61887661812866	7.65870800534138	6.04805568428709	13.6388037249993	4.55460716050464	13.6828102886513	19.9038532955447	4.92066543804171	13.9065063100938	4.7369060231126	3.62078450987443	10.3454051370113	11.7581939966644	5.5944836034567
574414	0	0	0	0	0	0	0	0	0	12.3016635951043	11.3780506173495	7.10535903466889	12.6727457845605	2.21687252935956	58.790969983322	7.4593114712756
6273	18.6718469947532	27.6640169010168	20.3065173049383	11.9135457860866	38.0163500155188	32.3921588468733	17.3075072099176	39.9081966752329	20.951424521626	36.9049907853128	35.3983796984207	42.6321542080134	231.730208631963	67.2451333905734	24.4208644546107	27.040004083374
128239	28.0077704921298	84.8363184964514	13.8939328928525	36.5916049144088	25.0562306920465	17.9009298890616	29.1494858272297	59.2921779174889	102.661980155967	40.5954898638441	53.097569547631	47.369060231126	14.4831380394977	106.409881409259	142.907280882537	164.104852368063
101928202	195.205673126965	67.3157744591408	0	0	0	0.852425232812456	10.9310571852111	43.3288992473957	163.421111268683	31.9843253472711	144.121974486427	0	39.8286296086187	2.95583003914609	32.5611526061476	7.4593114712756
9447	9.3359234973766	1.84426779340112	0	8.50967556149043	7.7760715940834	14.4912289578118	11.8419786173121	2.28046838144188	6.2854273564878	4.92066543804171	2.52845569274434	8.28958554044704	1.81039225493721	3.69478754893261	17.1850527643557	15.8510368764606
89886	0	0	0	0	0	0.852425232812456	0	0	0	0	0	2.3684530115563	0	0.738957509786521	0	0
477	151.072216593912	52.5616321119318	182.758655744445	11.9135457860866	819.943549198349	167.927770864054	148.480193432451	1828.93564191639	54.4737037562276	286.62876176593	61.9471644722362	61.5797783004638	36.2078450987443	109.365711448405	34.3701055287113	105.362774531768
81607	0.848720317943328	0	0	0.850967556149043	2.59202386469447	0.852425232812456	0	0	2.0951424521626	6.15083179755214	6.32113923186084	2.3684530115563	3.62078450987443	2.95583003914609	0	1.8648278678189
83540	46.679617486883	54.405899905333	6.41258441208578	21.2741889037261	19.8721829626576	26.4251822171861	32.7931715556334	51.3105385824423	59.7115598866341	15.9921626736356	50.5691138548867	18.9476240924504	1.81039225493721	41.3816205480452	65.1223052122952	53.1475942328386
79100	0.848720317943328	0	0	1.70193511229809	0	0	2.73276429630278	0	0	0	0	0	1.81039225493721	1.47791501957304	0	0
2328	18.6718469947532	129.098745538078	1.06876406868096	36.5916049144088	19.8721829626576	5.11455139687474	9.10921432100928	1.14023419072094	5.2378561304065	97.1831424013238	8.84959492460517	3.55267951733445	10.8623535296233	20.6908102740226	0.904476461281877	1.8648278678189
105371664	0.848720317943328	3.68853558680223	0	3.40387022459617	0	0.852425232812456	0	1.14023419072094	0	2.46033271902086	2.52845569274434	0	0	0.738957509786521	7.23581169025502	7.4593114712756
259266	20.3692876306399	47.0288287317285	4.27505627472385	11.9135457860866	6.04805568428709	7.67182709531211	13.6638214815139	23.9449180051397	57.6164174344715	11.0714972355939	22.756101234699	26.0529831271193	28.9662760789954	47.2932806263374	50.6506818317851	54.0800081667481
554279	2.54616095382998	0	0	2.55290266844713	0	0	0	0	0	2.46033271902086	1.26422784637217	0	0	0.738957509786521	0	0
9928	11.8820844512066	25.8197491076156	1.06876406868096	6.80774044919234	5.18404772938893	2.55727569843737	8.19829288890836	20.5242154329769	39.8077065910894	8.611164516573	12.6422784637217	3.55267951733445	12.6727457845605	3.69478754893261	18.0895292256375	4.66206966954725
55765	0.848720317943328	0.922133896700558	0	1.70193511229809	0	2.55727569843737	0	0	0	6.15083179755214	2.52845569274434	1.18422650577815	1.81039225493721	2.95583003914609	4.52238230640939	2.79724180172835
115019	0	0	0	0	0	0.852425232812456	0	0	0	1.23016635951043	0	0	0	0.738957509786521	0	0
729533	22.9154485844698	22.1312135208134	3.20629220604289	13.6154808983847	11.232103413676	25.5727569843737	10.9310571852111	20.5242154329769	26.1892806520325	17.222329033146	11.3780506173495	5.92113252889075	9.05196127468607	9.60644762722478	9.04476461281877	13.9862090086417
3914	0.848720317943328	3.68853558680223	1.06876406868096	3.40387022459617	6.91206363918524	18.753355121874	4.55460716050464	6.84140514432564	8.38056980865039	40.5954898638441	34.1341518520485	20.1318505982285	39.8286296086187	59.8555582927082	5.42685876769126	22.3779344138268
100422894	0	0	0	0	0	0.852425232812456	0	0	0	1.23016635951043	0	1.18422650577815	1.81039225493721	0	0.904476461281877	0
3664	8.48720317943328	9.22133896700558	2.13752813736193	5.9567728930433	12.0961113685742	18.753355121874	27.3276429630278	11.4023419072094	3.1427136782439	7.38099815706257	21.4918733883268	13.0264915635596	1.81039225493721	14.7791501957304	12.6626704579463	63.4041475058426
4751	7.63848286148995	48.8730965251296	2.13752813736193	4.25483778074521	6.04805568428709	0	9.10921432100928	27.3656205773026	42.9504202693333	11.0714972355939	2.52845569274434	7.10535903466889	5.43117676481164	9.60644762722478	11.7581939966644	13.0537950747323
1063	46.679617486883	156.762762439095	40.6130346098766	41.6974102513031	25.9202386469447	17.0485046562491	79.2501645927808	79.8163933504658	157.135683912195	54.1273198184588	77.1178986287022	91.1854409449175	79.6572592172374	95.3255187624613	105.82374596998	137.997262218599
105372950	0	0	0	0	0	0.852425232812456	0	0	0	0	0	0	0	1.47791501957304	0	0
105373106	0.848720317943328	0.922133896700558	0	2.55290266844713	0	0	3.64368572840371	1.14023419072094	0	0	0	2.3684530115563	3.62078450987443	0.738957509786521	0.904476461281877	2.79724180172835
102723834	1.69744063588666	4.61066948350279	4.27505627472385	0	1.72801590979631	3.40970093124983	1.82184286420186	0	0	3.69049907853128	2.52845569274434	4.7369060231126	0	3.69478754893261	1.80895292256375	7.4593114712756
574029	0.848720317943328	1.84426779340112	0	2.55290266844713	0	0	14.5747429136149	0	2.0951424521626	0	6.32113923186084	10.6580385520033	0	2.95583003914609	38.8924878351207	0.93241393390945
58	0.848720317943328	6.45493727690391	8.5501125494477	1.70193511229809	0	0	2.73276429630278	4.56093676288376	2.0951424521626	104.564140558386	1.26422784637217	2.3684530115563	7.24156901974886	2.95583003914609	8.1402881515369	36.3641434224685
9156	5.94104222560329	30.4304185911184	1.06876406868096	5.9567728930433	4.32003977449078	1.70485046562491	6.3764500247065	27.3656205773026	26.1892806520325	18.4524953926564	25.2845569274434	18.9476240924504	36.2078450987443	22.1687252935956	25.3253409158926	18.648278678189
6664	17.8231266768099	1.84426779340112	1.06876406868096	0.850967556149043	0	0	2.73276429630278	0	360.364501771967	2.46033271902086	2.52845569274434	21.3160771040067	0	21.4297677838091	27.1342938384563	0
6241	44.9821768509964	283.095106287071	14.9626969615335	51.9090209250916	22.464206827352	5.11455139687474	51.9225216297529	167.614426035978	232.560812190048	47.9764880209067	116.308961866239	59.2113252889075	83.2780437271119	124.883819153922	215.265397785087	269.467626899831
3754	8.48720317943328	129.098745538078	74.8134848076674	28.9328969090675	0	0.852425232812456	11.8419786173121	4.56093676288376	30.3795655563577	6.15083179755214	126.422784637217	5.92113252889075	300.525114319578	8.86749011743826	41.6059172189664	0
1058	13.5795250870932	46.1066948350279	2.13752813736193	16.1683835668318	2.59202386469447	0.852425232812456	7.28737145680743	15.9632786700932	20.951424521626	12.3016635951043	5.05691138548867	15.3949445751159	9.05196127468607	23.6466403131687	10.8537175353825	46.6206966954725
56896	0.848720317943328	0.922133896700558	1.06876406868096	0	0	14.4912289578118	0.910921432100928	0	1.0475712260813	1.23016635951043	3.7926835391165	3.55267951733445	0	2.21687252935956	2.71342938384563	0.93241393390945
6716	152.769657229799	1.84426779340112	6.41258441208578	0	1195.78700957905	91.2094999109328	10.0201357531102	314.704636638979	168.658967399089	0	17.6991898492103	3.55267951733445	18.1039225493721	4.43374505871913	35.2745819899932	9.3241393390945
9378	16.1256860409232	16.5984101406101	3.20629220604289	2.55290266844713	50.112461384093	1.70485046562491	20.0402715062204	4.56093676288376	6.2854273564878	0	12.6422784637217	15.3949445751159	0	11.8233201565843	29.847723222302	1.8648278678189
101927750	0	0	0	0	0	0	0	0	0	1.23016635951043	0	0	0	0	2.71342938384563	0
101928173	2.54616095382998	7.37707117360447	3.20629220604289	11.9135457860866	1.72801590979631	3.40970093124983	13.6638214815139	1.14023419072094	10.475712260813	22.1429944711877	8.84959492460517	14.2107180693378	9.05196127468607	11.0843626467978	5.42685876769126	7.4593114712756
101928152	2.54616095382998	0.922133896700558	1.06876406868096	4.25483778074521	6.04805568428709	2.55727569843737	0.910921432100928	0	1.0475712260813	1.23016635951043	3.7926835391165	3.55267951733445	1.81039225493721	5.91166007829217	3.61790584512751	0.93241393390945
28946	0.848720317943328	0	0	0	148.609368242483	40.0639859421855	0	0	7.33299858256909	222.660111071388	1.26422784637217	1.18422650577815	0	3.69478754893261	0	10.2565532730039
23397	13.5795250870932	27.6640169010168	5.34382034340481	19.572253791428	7.7760715940834	10.2291027937495	17.3075072099176	33.0667915309073	33.5222792346016	8.611164516573	15.170734156466	9.47381204622519	5.43117676481164	13.3012351761574	20.8029586094832	25.1751762155551
731220	3.39488127177331	3.68853558680223	3.20629220604289	22.9761240160242	2.59202386469447	9.37667756093702	11.8419786173121	11.4023419072094	15.7135683912195	14.7619963141251	25.2845569274434	13.0264915635596	3.62078450987443	56.1607707437756	9.04476461281877	13.9862090086417
699	32.2513720818464	88.5248540832536	16.0314610302144	84.2457880587552	30.2402784214354	12.7863784921868	30.9713286914316	69.5542856339773	89.0435542169104	23.3731608306981	55.6260252403754	27.2372096328974	23.5350993141838	43.5984930774048	72.3581169025502	55.944836034567
105373557	0.848720317943328	1.84426779340112	0	1.70193511229809	2.59202386469447	0	0.910921432100928	0	0	0	3.7926835391165	2.3684530115563	0	1.47791501957304	2.71342938384563	1.8648278678189
284958	0.848720317943328	1.84426779340112	1.06876406868096	0	0	0	0.910921432100928	0	1.0475712260813	1.23016635951043	0	0	0	4.43374505871913	0.904476461281877	0
150468	0.848720317943328	45.1845609383274	4.27505627472385	5.9567728930433	7.7760715940834	0.852425232812456	6.3764500247065	10.2621077164885	23.0465669737886	3.69049907853128	6.32113923186084	5.92113252889075	18.1039225493721	14.7791501957304	22.6119115320469	24.2427622816457
27178	0	0.922133896700558	0	0	0	0	0	0	0	0	0	0	0	0	0	0
56300	0	0	0	0	0	0	0	0	0	0	0	0	0	0.738957509786521	0.904476461281877	0
2019	1.69744063588666	0	0	7.65870800534138	0.864007954898155	0	0	1.14023419072094	0	19.6826617521669	2.52845569274434	1.18422650577815	1.81039225493721	2.95583003914609	0	0
55240	19.5205673126965	11.9877406571073	71.6071926016245	19.572253791428	12.9601193234723	63.0794672281218	27.3276429630278	5.7011709536047	15.7135683912195	38.1351571448233	20.2276455419547	33.1583421617882	32.5870605888699	20.6908102740226	22.6119115320469	38.2289712902874
112714	31.4026517639031	2.76640169010168	0	0	298.946752394762	1.70485046562491	1.82184286420186	62.7128804896517	79.6154131821787	76.2703142896465	221.239873115129	0	210.005501572717	12.5622776663709	39.7969642964026	13.9862090086417
6332	19.5205673126965	25.8197491076156	87.6386536318389	278.266390860737	3.45603181959262	3.40970093124983	993.815282422113	20.5242154329769	32.4747080085203	59.0479852565006	204.804911112291	166.975937314719	0	243.855978229552	651.223052122952	234.968311345181
57405	21.2180079485832	29.5082846944179	5.34382034340481	4.25483778074521	7.7760715940834	5.96697662968719	10.0201357531102	41.0484308659538	54.4737037562276	9.84133087608343	36.6626075447929	26.0529831271193	30.7766683339326	42.1205780578317	37.9880113738389	42.8910409598347
1745	2.54616095382998	0.922133896700558	1.06876406868096	0.850967556149043	0.864007954898155	0	0.910921432100928	6.84140514432564	2.0951424521626	6.15083179755214	0	3.55267951733445	0	0	1.80895292256375	0
3239	0	0	12.8251688241716	3.40387022459617	0.864007954898155	1.70485046562491	0	1.14023419072094	0	0	0	1.18422650577815	0	0	0.904476461281877	0.93241393390945
101927687	0.848720317943328	0	0	0.850967556149043	0	0	0	0	0	1.23016635951043	0	0	0	0	0	0
29851	10.1846438153199	1.84426779340112	0	19.572253791428	0.864007954898155	6.81940186249965	1.82184286420186	4.56093676288376	18.8562820694634	4.92066543804171	1.26422784637217	3.55267951733445	0	1.47791501957304	2.71342938384563	0.93241393390945
102724714	0	0	0	0	0.864007954898155	0	0.910921432100928	0	2.0951424521626	3.69049907853128	0	1.18422650577815	0	0	0	1.8648278678189
3580	10.1846438153199	0.922133896700558	1.06876406868096	5.10580533689426	31.1042863763336	3.40970093124983	0.910921432100928	2.28046838144188	13.6184259390569	1.23016635951043	0	0	0	1.47791501957304	0.904476461281877	0
5798	0.848720317943328	0.922133896700558	1.06876406868096	0.850967556149043	4.32003977449078	0.852425232812456	3.64368572840371	1.14023419072094	3.1427136782439	2.46033271902086	0	22.5003036097848	1.81039225493721	27.3414278621013	4.52238230640939	0.93241393390945
57624	1.69744063588666	0	0	1.70193511229809	0	0	3.64368572840371	1.14023419072094	2.0951424521626	0	0	0	1.81039225493721	0	0	0
55355	11.0333641332633	52.5616321119318	8.5501125494477	10.2116106737885	12.0961113685742	16.1960794234367	22.7730358025232	43.3288992473957	69.1397009213657	7.38099815706257	21.4918733883268	29.6056626444537	16.2935302944349	39.1647480186856	73.2625933638321	67.1338032414804
5133	10.1846438153199	0.922133896700558	2.13752813736193	33.1877346898127	1.72801590979631	5.11455139687474	1.82184286420186	0	26.1892806520325	4.92066543804171	0	10.6580385520033	0	2.95583003914609	4.52238230640939	3.7296557356378
151648	8.48720317943328	11.9877406571073	5.34382034340481	15.3174160106828	8.64007954898155	4.26212616406228	5.46552859260557	25.0851521958607	10.475712260813	6.15083179755214	0	7.10535903466889	9.05196127468607	13.3012351761574	17.1850527643557	16.7834508103701
100874028	0	1.84426779340112	0	2.55290266844713	0	0	0	3.42070257216282	1.0475712260813	1.23016635951043	0	0	0	0.738957509786521	0.904476461281877	2.79724180172835
105377043	0	0	1.06876406868096	4.25483778074521	3.45603181959262	5.11455139687474	7.28737145680743	1.14023419072094	0	0	8.84959492460517	7.10535903466889	0	8.86749011743826	0.904476461281877	2.79724180172835
56992	57.7129816201463	60.8608371822369	23.5128095109812	11.9135457860866	19.0081750077594	28.1300326828111	21.8621143704223	52.4507727731632	112.090121190699	18.4524953926564	21.4918733883268	15.3949445751159	27.1558838240582	30.2972579012474	44.319346602812	66.2013893075709
105377123	0.848720317943328	6.45493727690391	0	0	1.72801590979631	15.3436541906242	1.82184286420186	2.28046838144188	1.0475712260813	17.222329033146	0	0	5.43117676481164	5.17270256850565	0	3.7296557356378
56203	2.54616095382998	2.76640169010168	41.6817986785575	1.70193511229809	1.72801590979631	1.70485046562491	0	1.14023419072094	1.0475712260813	0	0	0	0	0	0	2.79724180172835
1295	56.864261302203	42.4181592482257	200.927644912021	358.257341138747	30.2402784214354	11.0815280265619	235.92865091414	90.0785010669542	13.6184259390569	786.076303727164	217.447189576013	135.001821658709	21.7247070592466	229.076828033822	120.29536935049	385.086954704603
152225	0	0	0	1.70193511229809	1.72801590979631	0	0.910921432100928	1.14023419072094	0	0	0	0	0	0	0	0.93241393390945
50852	7.63848286148995	0	0	9.36064311763947	4.32003977449078	6.81940186249965	4.55460716050464	1.14023419072094	5.2378561304065	0	1.26422784637217	1.18422650577815	0	0	2.71342938384563	0
151760	0.848720317943328	0	1.06876406868096	0.850967556149043	0.864007954898155	0.852425232812456	1.82184286420186	0	0	1.23016635951043	5.05691138548867	0	0	0	0	0
79413	0.848720317943328	0	0	0	0	3.40970093124983	0	0	2.0951424521626	0	1.26422784637217	1.18422650577815	0	2.21687252935956	0	0.93241393390945
941	0.848720317943328	0	2.13752813736193	4.25483778074521	1.72801590979631	3.40970093124983	13.6638214815139	1.14023419072094	0	7.38099815706257	1.26422784637217	2.3684530115563	0	2.95583003914609	4.52238230640939	2.79724180172835
10721	13.5795250870932	23.053347417514	5.34382034340481	24.6780591283222	12.0961113685742	6.81940186249965	10.9310571852111	41.0484308659538	43.9979914954146	6.15083179755214	6.32113923186084	8.28958554044704	10.8623535296233	7.38957509786521	23.5163879933288	16.7834508103701
286676	0	0	0	0	0	1.70485046562491	0	0	0	0	0	2.3684530115563	0	0.738957509786521	0.904476461281877	0
84561	12.7308047691499	27.6640169010168	10.6876406868096	23.8270915721732	39.7443659253151	92.0619251437453	14.5747429136149	9.12187352576752	2.0951424521626	23.3731608306981	11.3780506173495	24.8687566213411	0	149.269416976877	18.0895292256375	7.4593114712756
8419	0.848720317943328	0	0	0	1.72801590979631	0	0	1.14023419072094	0	1.23016635951043	0	0	0	0.738957509786521	0.904476461281877	0
84107	0	0	0	0	0	0	0	0	0	0	0	0	0	0	0	0
7545	0	0	1.06876406868096	0	0	0	0	0	1.0475712260813	0	0	1.18422650577815	0	0	0	0
646951	0	89.4469879799542	4.27505627472385	1.70193511229809	83.8087716251211	1.70485046562491	0.910921432100928	0	3.1427136782439	24.6033271902086	21.4918733883268	2.3684530115563	12.6727457845605	0	16.2805763030738	13.0537950747323
53836	0	0	0	0	0.864007954898155	0.852425232812456	0	0	0	0	5.05691138548867	0	0	0	0	0
105374166	0	0	0	7.65870800534138	0	3.40970093124983	1.82184286420186	1.14023419072094	0	0	0	0	0	0.738957509786521	1.80895292256375	0
79674	4.24360158971664	3.68853558680223	0	3.40387022459617	11.232103413676	4.26212616406228	3.64368572840371	3.42070257216282	3.1427136782439	13.5318299546147	2.52845569274434	3.55267951733445	1.81039225493721	11.0843626467978	7.23581169025502	2.79724180172835
9076	38.1924143074497	3517.01868201593	64.1258441208577	461.224415432781	71.7126602565469	2949.3913055311	5569.37363586508	2623.67887284888	94.2814103473169	4258.8359366251	5515.82609372177	9098.41224389352	47.0701986283676	7902.41160965706	2592.22953803386	312.358667859666
647309	0	0.922133896700558	76.9510129450293	5.10580533689426	12.9601193234723	0.852425232812456	6.3764500247065	0	2.0951424521626	8.611164516573	5.05691138548867	46.1848337253478	0	106.409881409259	8.1402881515369	2.79724180172835
131578	2.54616095382998	35.0410880746212	0	64.6735342673272	4.32003977449078	0	66.4972645433678	0	19.9038532955447	46.7463216613963	27.8130126201877	18.9476240924504	43.4494141184931	64.2893033514274	89.5431696669059	122.146225342138
100379220	2.54616095382998	0	1.06876406868096	0.850967556149043	3.45603181959262	0	5.46552859260557	3.42070257216282	4.1902849043252	2.46033271902086	8.84959492460517	27.2372096328974	14.4831380394977	4.43374505871913	5.42685876769126	0
10460	99.3002771993693	179.816109856609	61.9883159834958	133.6019063154	79.4887318506303	132.978336318743	83.8047717532854	134.547634505071	178.087108433821	169.762957612439	144.121974486427	177.633975866722	228.109424122089	212.819762818518	170.041574720993	233.103483477362
112268460	28.8564908100731	28.5861507977173	10.6876406868096	32.3367671336636	21.6001988724539	38.3591354765605	25.505800098826	23.9449180051397	27.2368518781138	31.9843253472711	41.7195189302815	46.1848337253478	25.345491569121	49.5101531556969	43.4148701415301	60.6069057041142
64151	39.0411346253931	94.9797913601575	34.2004501977908	48.5051507004954	29.3762704665373	17.9009298890616	47.3679144692483	98.0601404020008	189.610391920715	33.2144917067816	56.8902530867475	42.6321542080134	59.7429444129281	79.8074110569443	118.486416427926	96.0386351926733
100506827	2.54616095382998	0	0	0	0	0.852425232812456	0	0	2.0951424521626	1.23016635951043	0	0	0	0	0	0
101928658	7.63848286148995	1.84426779340112	0	0	3.45603181959262	13.6388037249993	117.50886474102	3.42070257216282	1.0475712260813	4.92066543804171	176.991898492103	264.082510788527	10.8623535296233	281.542811228665	176.372909949966	47.5531106293819
10874	0.848720317943328	0	0	0	0.864007954898155	0	0.910921432100928	2.28046838144188	6.2854273564878	3.69049907853128	0	0	5.43117676481164	3.69478754893261	7.23581169025502	6.52689753736615
3512	31.4026517639031	13.8320084505084	2.13752813736193	17.8703186791299	748.230888941802	192.648102615615	8.19829288890836	13.6828102886513	241.98895322478	467.463216613963	17.6991898492103	7.10535903466889	5.43117676481164	13.3012351761574	19.8984821482013	27.9724180172835
4283	1626.99684949736	3.68853558680223	0	39.995475139005	104.544962542677	17.9009298890616	11.8419786173121	2.28046838144188	271.320947555056	13.5318299546147	5.05691138548867	4.7369060231126	0	4.43374505871913	15.3760998417919	18.648278678189
3627	185.869749629589	11.9877406571073	0	98.7122365132889	70.8486523016487	10.2291027937495	65.5863431112668	5.7011709536047	250.369523033431	40.5954898638441	2.52845569274434	10.6580385520033	7.24156901974886	4.43374505871913	11.7581939966644	15.8510368764606
345079	0	0	0	0	0.864007954898155	0	3.64368572840371	0	0	2.46033271902086	0	1.18422650577815	0	1.47791501957304	0	0.93241393390945
2250	0.848720317943328	0	2.13752813736193	1.70193511229809	0	0	1.82184286420186	0	1.0475712260813	3.69049907853128	0	2.3684530115563	3.62078450987443	8.12853260765174	1.80895292256375	0
4825	0	0	5.34382034340481	0	0	0	1.82184286420186	1.14023419072094	0	6.15083179755214	1.26422784637217	2.3684530115563	0	7.38957509786521	0	0
4547	27.1590501741865	5.53280338020335	14.9626969615335	48.5051507004954	6.04805568428709	0.852425232812456	4.55460716050464	3.42070257216282	102.661980155967	2.46033271902086	3.7926835391165	4.7369060231126	0	2.95583003914609	8.1402881515369	0.93241393390945
1062	51.771939394543	75.6149795294458	24.5815735796621	68.9283720480725	82.0807557153247	41.7688364078104	40.0805430124408	59.2921779174889	91.138696669073	33.2144917067816	24.0203290810712	21.3160771040067	16.2935302944349	55.4218132339891	27.1342938384563	41.0262130920158
9348	0	0	0	3.40387022459617	0	0	10.0201357531102	0	7.33299858256909	3.69049907853128	6.32113923186084	2.3684530115563	9.05196127468607	6.65061758807869	3.61790584512751	4.66206966954725
4085	106.090039742916	169.672636992903	58.7820237774529	44.2503129197502	92.4488511741026	62.2270419953093	95.6467503705975	175.596065371025	227.322956059642	43.055822582865	44.2479746230259	36.7110216791226	5.43117676481164	25.8635128425282	37.083534912557	54.0800081667481
105377404	0.848720317943328	0	0	0	0.864007954898155	0	0	1.14023419072094	0	0	0	0	0	0	0	1.8648278678189
1047	11.8820844512066	0.922133896700558	2.13752813736193	6.80774044919234	60.4805568428709	17.0485046562491	10.9310571852111	5.7011709536047	8.38056980865039	3.69049907853128	1.26422784637217	2.3684530115563	1.81039225493721	5.17270256850565	0	4.66206966954725
51802	0	0	0	0	0	0	0	0	0	0	0	0	0	0	0	0
105377508	0.848720317943328	0.922133896700558	1.06876406868096	0	0	0	0.910921432100928	0	0	0	0	0	0	3.69478754893261	0	0
55247	2.54616095382998	22.1312135208134	1.06876406868096	1.70193511229809	0.864007954898155	3.40970093124983	6.3764500247065	17.1035128608141	37.7125641389268	0	0	0	3.62078450987443	3.69478754893261	3.61790584512751	11.1889672069134
3670	0	1.84426779340112	228.715510697726	0.850967556149043	0	0.852425232812456	0	1.14023419072094	0	0	0	0	0	0	1.80895292256375	1.8648278678189
102467080	0	2.76640169010168	0	0	0	1.70485046562491	0	0	0	8.611164516573	3.7926835391165	5.92113252889075	1.81039225493721	2.21687252935956	2.71342938384563	3.7296557356378
166979	0	0	0	0	0.864007954898155	0	0	0	0	0	0	0	0	0	0	0
345643	0	0	1.06876406868096	0	0	0	0	0	0	0	0	0	0	0	0	0
10309	0	0.922133896700558	10.6876406868096	14.4664484545337	0	2.55727569843737	0	0	1.0475712260813	4.92066543804171	0	0	0	0.738957509786521	0	0.93241393390945
55789	18.6718469947532	4.61066948350279	9.61887661812866	13.6154808983847	5.18404772938893	3.40970093124983	20.0402715062204	37.627728293791	17.8087108433821	0	8.84959492460517	5.92113252889075	0	12.5622776663709	30.7521996835838	5.5944836034567
891	146.828615004196	259.119624972857	82.2948332884341	134.452873871549	187.4897262129	107.40557933437	114.776100444717	204.101920139048	274.4636612333	156.231127657824	112.516278327123	111.317291543146	171.987264219035	162.570652153035	227.023591781751	224.711758072177
134285	0	0.922133896700558	0	0.850967556149043	0	0	0	0	0	6.15083179755214	0	0	0	0	0	0
2297	0	0	5.34382034340481	3.40387022459617	0.864007954898155	0.852425232812456	0.910921432100928	1.14023419072094	0	0	0	3.55267951733445	0	1.47791501957304	2.71342938384563	0
101929215	40.7385752612797	164.139833612699	72.6759566703055	708.005006716004	25.0562306920465	67.3415933921841	2392.99060212914	183.577704706071	16.7611396173008	2776.48547341504	953.227796164614	1424.62448645111	16.2935302944349	764.082065119263	2051.3526141873	5069.53455866568
1404	0	0.922133896700558	0	3.40387022459617	0.864007954898155	271.071224034361	2.73276429630278	0	0	1.23016635951043	7.58536707823301	53.2901927600167	0	14.0401926859439	133.862516269718	29.8372458851024
100505994	0	0	0	0.850967556149043	0	0	0	0	0	0	0	0	0	1.47791501957304	0	0
4001	51.771939394543	105.123264223864	40.6130346098766	79.99095027801	67.3926204820561	29.834883148436	69.2300288396706	61.5726462989307	180.182250885983	30.7541589877607	72.0609872432136	60.3955517946856	34.3974528438071	65.0282608612139	92.2565990507515	60.6069057041142
171019	1747.51513464531	807.789293509689	34.2004501977908	1656.83383182219	326.595006951503	1010.97632611557	1041.18319689136	6210.85563685696	1464.50457406166	346.906913381941	1026.5530112542	500.927811944157	2306.43973279001	939.953952448455	633.133522897314	521.219389055383
5307	4.24360158971664	1.84426779340112	3977.93986363054	46.8032155881973	5.18404772938893	121.044383059369	10.9310571852111	0	10.475712260813	226.350610149919	42.9837467766537	3.55267951733445	0	10.3454051370113	9.94924107410065	0
995	6.78976254354662	28.5861507977173	10.6876406868096	1.70193511229809	5.18404772938893	0.852425232812456	10.0201357531102	10.2621077164885	18.8562820694634	6.15083179755214	15.170734156466	13.0264915635596	12.6727457845605	14.0401926859439	26.2298173771744	28.9048319511929
6690	0	0	0	0.850967556149043	0	0	0	0	0	3.69049907853128	2.52845569274434	1.18422650577815	3.62078450987443	1.47791501957304	1.80895292256375	0
389336	0.848720317943328	3.68853558680223	1.06876406868096	0	0	0	0.910921432100928	0	0	81.1909797276883	13.9065063100938	0	0	33.99204545018	0.904476461281877	2.79724180172835
6534	0	0	0	0.850967556149043	1.72801590979631	1.70485046562491	1.82184286420186	0	0	2.46033271902086	0	4.7369060231126	0	5.91166007829217	0	2.79724180172835
285643	0	0.922133896700558	0	0	0	0	0	0	0	0	0	0	0	0	0	0
9232	67.8976254354662	179.816109856609	30.9941579917479	57.8657938181349	39.7443659253151	25.5727569843737	57.3880502223585	88.9382668762333	166.563824946927	92.2624769632821	132.743923869078	107.764612025812	119.485888825856	203.95227270108	147.429663188946	257.346245759008
3161	18.6718469947532	49.7952304218302	2.13752813736193	10.2116106737885	11.232103413676	0	19.1293500741195	33.0667915309073	56.5688462083902	9.84133087608343	11.3780506173495	7.10535903466889	3.62078450987443	16.2570652153035	23.5163879933288	33.5669016207402
101927813	1.69744063588666	3.68853558680223	0	2.55290266844713	0.864007954898155	0	0.910921432100928	1.14023419072094	3.1427136782439	1.23016635951043	1.26422784637217	0	1.81039225493721	0.738957509786521	0.904476461281877	2.79724180172835
57451	8.48720317943328	5.53280338020335	114.357755348863	205.083181031919	6.91206363918524	4.26212616406228	0.910921432100928	3.42070257216282	73.3299858256909	43.055822582865	1.26422784637217	0	43.4494141184931	6.65061758807869	42.5103936802482	0
23286	8.48720317943328	6.45493727690391	2.13752813736193	68.9283720480725	4.32003977449078	3.40970093124983	5.46552859260557	3.42070257216282	7.33299858256909	3.69049907853128	7.58536707823301	2.3684530115563	12.6727457845605	11.8233201565843	3.61790584512751	2.79724180172835
7020	1.69744063588666	0.922133896700558	6.41258441208578	5.10580533689426	1.72801590979631	3.40970093124983	1.82184286420186	0	2.0951424521626	3.69049907853128	2.52845569274434	8.28958554044704	1.81039225493721	4.43374505871913	0.904476461281877	4.66206966954725
100130275	1.69744063588666	0	0	1.70193511229809	0.864007954898155	0	0.910921432100928	0	0	3.69049907853128	1.26422784637217	3.55267951733445	0	0	0	0
8352	0	0	0	0.850967556149043	0	0.852425232812456	0	1.14023419072094	0	0	0	0	3.62078450987443	0	1.80895292256375	0.93241393390945
8345	2.54616095382998	3.68853558680223	0	0.850967556149043	0	0.852425232812456	0.910921432100928	1.14023419072094	0	0	0	0	5.43117676481164	4.43374505871913	0.904476461281877	2.79724180172835
105374986	0	0.922133896700558	0	0	0	0.852425232812456	0	0	0	1.23016635951043	0	0	0	0.738957509786521	0	0
8355	0.848720317943328	0	0	0	0	0.852425232812456	0	1.14023419072094	0	0	0	0	3.62078450987443	0.738957509786521	0	0
8329	0	0.922133896700558	0	0	0	0.852425232812456	0	0	0	1.23016635951043	1.26422784637217	2.3684530115563	1.81039225493721	0	0.904476461281877	0.93241393390945
8332	0	0	0	0	0	0	0	0	0	0	0	0	0	0	0	0
10537	130.702928963272	0.922133896700558	1.06876406868096	17.0193511229809	44.0644056998059	3.40970093124983	0.910921432100928	0	100.566837703805	3.69049907853128	6.32113923186084	7.10535903466889	0	1.47791501957304	2.71342938384563	0
3135	3.39488127177331	3.68853558680223	2.13752813736193	11.9135457860866	5.18404772938893	5.96697662968719	3.64368572840371	4.56093676288376	2.0951424521626	0	0	1.18422650577815	0	1.47791501957304	2.71342938384563	1.8648278678189
3833	37.3436939895064	99.5904608436603	12.8251688241716	17.0193511229809	28.5122625116391	33.2445840796858	48.2788359013492	30.7863231494654	81.7105556343413	30.7541589877607	61.9471644722362	71.0535903466889	9.05196127468607	61.3334733122813	85.9252638217783	124.011053209957
105375027	3.39488127177331	45.1845609383274	6.41258441208578	0.850967556149043	1.72801590979631	2.55727569843737	5.46552859260557	5.7011709536047	18.8562820694634	23.3731608306981	60.682936625864	1.18422650577815	237.161385396775	2.95583003914609	18.0895292256375	5.5944836034567
100507584	14.4282454050366	421.415190792155	71.6071926016245	5.10580533689426	9.50408750387971	2.55727569843737	96.5576718026984	31.9265573401863	126.756118355837	139.008798624678	147.914658025544	17.7633975866722	289.662760789954	16.2570652153035	102.205840124852	41.0262130920158
860	40.7385752612797	23.053347417514	44.8880908846004	51.0580533689426	30.2402784214354	35.8018597781232	190.382579309094	41.0484308659538	42.9504202693333	45.5161553018858	32.8699240056764	69.8693638409108	28.9662760789954	121.927989114776	69.6446875187046	29.8372458851024
105375077	0	0.922133896700558	0	0	0	0.852425232812456	0	0	0	0	0	0	0	1.47791501957304	0	0.93241393390945
7180	49.225778440713	0	3.20629220604289	5.10580533689426	0	1.70485046562491	5.46552859260557	1.14023419072094	94.2814103473169	23.3731608306981	6.32113923186084	17.7633975866722	34.3974528438071	0.738957509786521	11.7581939966644	0
107986606	0	0	0	2.55290266844713	0	0	0	0	2.0951424521626	0	0	0	0	1.47791501957304	0	0
7272	11.8820844512066	21.2090796241128	3.20629220604289	18.7212862352789	12.9601193234723	0.852425232812456	20.0402715062204	38.767962484512	40.8552778171707	15.9921626736356	11.3780506173495	9.47381204622519	0	16.99602272509	20.8029586094832	23.3103483477362
9096	3.39488127177331	159.529164129197	50.2319112280052	17.0193511229809	162.433495520853	5.11455139687474	3.64368572840371	60.4324121082098	27.2368518781138	34.444658066292	21.4918733883268	82.8958554044704	5.43117676481164	18.473937744663	32.5611526061476	201.401409724441
101927686	0	0	0	0.850967556149043	1.72801590979631	0	0	0	0	0	0	0	0	0	0	0
253582	0	0	0	1.70193511229809	0	0	0	0	0	0	0	0	0	0	1.80895292256375	2.79724180172835
6943	12.7308047691499	696.211092008922	1840.41172626862	1325.80745248021	14.6881352332686	329.888565098421	1165.97943308919	7.98163933504658	53.4261325301463	487.14587836613	771.178986287022	1006.59252991143	1.81039225493721	751.519787452892	524.596347543489	110.957258135225
113115	22.0667282665265	21.2090796241128	7.48134848076674	8.50967556149043	6.04805568428709	6.81940186249965	12.752900049413	7.98163933504658	5.2378561304065	13.5318299546147	13.9065063100938	7.10535903466889	3.62078450987443	4.43374505871913	22.6119115320469	28.9048319511929
102723724	0	1.84426779340112	0	0.850967556149043	0	0.852425232812456	3.64368572840371	4.56093676288376	0	3.69049907853128	2.52845569274434	0	0	2.21687252935956	0	0
80328	0	0.922133896700558	3.20629220604289	1.70193511229809	0.864007954898155	5.11455139687474	5.46552859260557	0	1.0475712260813	8.611164516573	0	4.7369060231126	0	4.43374505871913	6.33133522897314	4.66206966954725
80329	0	0	0	2.55290266844713	0	1.70485046562491	0	0	0	0	0	0	0	4.43374505871913	1.80895292256375	0.93241393390945
646024	0	0	0	0	0	0	0	0	0	0	0	0	0	1.47791501957304	0	0
168002	22.0667282665265	12.9098745538078	42.7505627472385	19.572253791428	0	0.852425232812456	133.905450518836	5.7011709536047	6.2854273564878	57.8178188969901	93.5528606315404	943.828525105185	54.3117676481164	362.828137305182	119.390892889208	99.7682909283111
64094	1263.74455341761	338.423140089105	15916.0345107969	3934.02301207702	93.3128591290008	121.044383059369	18150.109534611	3285.01470346703	4381.99043869807	4887.45094633493	22050.6620964233	27567.6088280095	445.356494714555	20100.3832237032	38471.9062806247	1748.27612608022
101927354	2.54616095382998	0.922133896700558	0	0.850967556149043	1.72801590979631	0	0	3.42070257216282	0	1.23016635951043	0	0	0	0.738957509786521	0.904476461281877	0
340273	11.0333641332633	0.922133896700558	1.06876406868096	4105.06749086298	0.864007954898155	0.852425232812456	4.55460716050464	9.12187352576752	0	0	5.05691138548867	16.5791710808941	0	14.0401926859439	5.42685876769126	0.93241393390945
10643	5.09232190765997	6.45493727690391	2.13752813736193	3.40387022459617	1.72801590979631	4.26212616406228	5.46552859260557	3.42070257216282	7.33299858256909	2.46033271902086	6.32113923186084	0	3.62078450987443	0.738957509786521	6.33133522897314	0.93241393390945
54443	38.1924143074497	219.467867414733	30.9941579917479	45.1012804758993	30.2402784214354	5.96697662968719	49.1897573334501	87.7980326855124	173.896823529496	18.4524953926564	42.9837467766537	23.684530115563	9.05196127468607	49.5101531556969	93.1610755120334	63.4041475058426
100506895	0	0	2.13752813736193	0	0	0	0	0	0	1.23016635951043	0	0	0	0.738957509786521	0.904476461281877	0
285987	0	0	0	0	0	0	0	0	0	1.23016635951043	0	0	0	0	0	0
1750	0	0	0	0	0.864007954898155	11.0815280265619	0	0	2.0951424521626	3.69049907853128	1.26422784637217	2.3684530115563	0	0	0	0
1749	0.848720317943328	0.922133896700558	0	0.850967556149043	0	11.0815280265619	0.910921432100928	6.84140514432564	4.1902849043252	55.3574861779693	20.2276455419547	10.6580385520033	3.62078450987443	45.0764080969778	17.1850527643557	4.66206966954725
7036	3.39488127177331	0	0	6.80774044919234	4.32003977449078	0.852425232812456	1.82184286420186	0	2.0951424521626	4.92066543804171	7.58536707823301	3.55267951733445	3.62078450987443	5.17270256850565	7.23581169025502	4.66206966954725
2845	210.482638849945	66.3936405624402	1.06876406868096	0	12.9601193234723	68.1940186249965	6.3764500247065	1066.11896832408	1151.28077746335	20.9128281116773	10.1138227709773	0	39.8286296086187	2.21687252935956	3.61790584512751	58.7420778362953
57016	0	0	1.06876406868096	0.850967556149043	0.864007954898155	0	0	2.28046838144188	1.0475712260813	2.46033271902086	0	0	1.81039225493721	0.738957509786521	1.80895292256375	1.8648278678189
105375610	1.69744063588666	27.6640169010168	4.27505627472385	0.850967556149043	2.59202386469447	2.55727569843737	4.55460716050464	2.28046838144188	8.38056980865039	8.611164516573	2.52845569274434	7.10535903466889	0	13.3012351761574	11.7581939966644	22.3779344138268
100652791	0	0	0	0	0	0	0.910921432100928	0	0	0	0	0	0	0.738957509786521	0.904476461281877	0
83648	1.69744063588666	0.922133896700558	1.06876406868096	1.70193511229809	2.59202386469447	6.81940186249965	0.910921432100928	0	2.0951424521626	0	0	0	1.81039225493721	2.95583003914609	0	4.66206966954725
63898	8.48720317943328	4.61066948350279	3.20629220604289	18.7212862352789	12.0961113685742	11.9339532593744	30.0604072593306	2.28046838144188	5.2378561304065	9.84133087608343	2.52845569274434	36.7110216791226	3.62078450987443	29.5583003914609	23.5163879933288	13.0537950747323
203190	52.6206597124863	183.504645443411	63.0570800521768	181.256089459746	8.64007954898155	76.7182709531211	9.10921432100928	43.3288992473957	43.9979914954146	184.524953926564	60.682936625864	9.47381204622519	153.883341669663	5.17270256850565	12.6626704579463	64.336561439752
27299	0	1.84426779340112	3.20629220604289	1.70193511229809	1.72801590979631	0.852425232812456	4.55460716050464	2.28046838144188	18.8562820694634	1.23016635951043	0	1.18422650577815	0	0	0	0
157313	5.09232190765997	28.5861507977173	2.13752813736193	7.65870800534138	9.50408750387971	2.55727569843737	8.19829288890836	19.383981242256	12.5708547129756	2.46033271902086	8.84959492460517	7.10535903466889	21.7247070592466	21.4297677838091	18.0895292256375	19.5806926120984
157570	7.63848286148995	39.651757558124	1.06876406868096	4.25483778074521	6.04805568428709	0.852425232812456	7.28737145680743	13.6828102886513	13.6184259390569	4.92066543804171	3.7926835391165	11.8422650577815	3.62078450987443	7.38957509786521	24.4208644546107	9.3241393390945
55872	23.7641689024132	81.1477829096491	1.06876406868096	8.50967556149043	16.4161511430649	0.852425232812456	28.2385643951288	38.767962484512	83.8056980865039	17.222329033146	24.0203290810712	26.0529831271193	12.6727457845605	20.6908102740226	46.1282995253757	45.688282761563
3620	144.282454050366	49.7952304218302	41.6817986785575	36.5916049144088	17.2801590979631	11.0815280265619	126.618079062029	100.340608783443	87.9959829908291	44.2859889423754	10.1138227709773	59.2113252889075	3.62078450987443	10.3454051370113	17.1850527643557	50.3503524311103
6422	14186.3601144227	3600.01073271898	204.133937118064	3260.05670760698	772.423111678951	657.219854498404	36916.0019573222	28728.2004352141	10374.0978518831	4098.91430988875	42748.6003972285	18490.51266122	3211.63586025862	7105.0764565974	33290.1606339408	2382.31760113864
85479	0.848720317943328	0	0	0.850967556149043	0	1.70485046562491	0.910921432100928	0	2.0951424521626	0	0	1.18422650577815	0	0	0	0
107986951	1.69744063588666	9.22133896700558	0	0.850967556149043	0	0	61.9426573828631	36.4874941030701	10.475712260813	0	35.3983796984207	95.9223469680301	0	50.98806817527	142.907280882537	6.52689753736615
105375894	1.69744063588666	0	97.2575302499676	1.70193511229809	0	0	0	0	6.2854273564878	0	1.26422784637217	0	3.62078450987443	0	0	0
9312	1.69744063588666	0	6.41258441208578	0	3.45603181959262	0	0	0	0	0	0	0	0	0.738957509786521	0	0
100192378	0	0	12.8251688241716	2.55290266844713	0	0.852425232812456	1.82184286420186	0	0	3.69049907853128	7.58536707823301	3.55267951733445	0	0.738957509786521	3.61790584512751	1.8648278678189
11075	23.7641689024132	0	1.06876406868096	3.40387022459617	0	0	99.2904360990012	2.28046838144188	14.6659971651382	25.833493549719	294.565088204715	343.425686675663	5.43117676481164	702.748591806982	81.402881515369	43.8234548937441
105375622	0.848720317943328	0	0	0	0	0	0	1.14023419072094	0	0	0	0	0	0	2.71342938384563	0
245972	0	0	0	2.55290266844713	0.864007954898155	0	0.910921432100928	0	0	1.23016635951043	0	0	0	0	0	0
105375674	1.69744063588666	1.84426779340112	2.13752813736193	5.9567728930433	0.864007954898155	0	0	1.14023419072094	0	1.23016635951043	1.26422784637217	0	9.05196127468607	2.95583003914609	2.71342938384563	0
105375690	0	0	0	2.55290266844713	0	0	0	0	0	1.23016635951043	0	0	0	2.21687252935956	0	0
107986990	2.54616095382998	4.61066948350279	0	0	14.6881352332686	30.6873083812484	0.910921432100928	128.846463551466	14.6659971651382	0	42.9837467766537	3.55267951733445	59.7429444129281	2.95583003914609	0	0
554202	0	0	0	3.40387022459617	0.864007954898155	0	6.3764500247065	0	0	0	1.26422784637217	0	0	10.3454051370113	0	0
338376	1.69744063588666	0	0	0.850967556149043	0	0	0.910921432100928	0	0	0	0	0	0	2.21687252935956	0	0
51198	0	0.922133896700558	1.06876406868096	1.70193511229809	0	0	0	1.14023419072094	0	0	0	0	1.81039225493721	0.738957509786521	0.904476461281877	0
1029	7.63848286148995	301.537784221083	44.8880908846004	79.99095027801	36.2883341057225	7.67182709531211	32.7931715556334	95.7796720205589	29.3319943302764	270.636599092294	75.8536707823301	39.0794746906789	289.662760789954	246.072850758912	104.919269508698	80.1875983162127
100048912	3.39488127177331	7.37707117360447	4.27505627472385	11.0625782299376	6.91206363918524	0	10.0201357531102	10.2621077164885	0	9.84133087608343	22.756101234699	4.7369060231126	12.6727457845605	28.8193428816743	22.6119115320469	17.7158647442795
364	129.005488327386	428.79226196576	10.6876406868096	6.80774044919234	704.166483241997	1067.2363914812	5.46552859260557	9.12187352576752	82.7581268604226	9.84133087608343	6.32113923186084	3.55267951733445	36.2078450987443	14.0401926859439	2.71342938384563	42.8910409598347
9833	21.2180079485832	62.705104975638	3.20629220604289	30.6348320213655	19.8721829626576	2.55727569843737	16.3965857778167	34.2070257216282	48.1882763997398	14.7619963141251	36.6626075447929	20.1318505982285	1.81039225493721	27.3414278621013	34.3701055287113	45.688282761563
347252	22.9154485844698	13.8320084505084	68.4009003955816	43.3993453636012	80.3527398055284	0	37.3477787161381	4.56093676288376	0	54.1273198184588	116.308961866239	56.8428722773512	1.81039225493721	159.614822113889	138.384898576127	64.336561439752
105376041	0	0	0	0	0	0	0	0	0	0	0	0	0	0.738957509786521	0	0
105376042	0.848720317943328	0	0	0	0	0	1.82184286420186	0	0	0	0	0	0	0	0	0
100289137	0	0	0	22.9761240160242	0.864007954898155	0.852425232812456	0.910921432100928	0	0	0	6.32113923186084	2.3684530115563	1.81039225493721	0	0.904476461281877	0.93241393390945
253650	1.69744063588666	0	0	15.3174160106828	0.864007954898155	1.70485046562491	2.73276429630278	0	0	0	0	3.55267951733445	0	4.43374505871913	4.52238230640939	0
158228	0	0	0	7.65870800534138	0	0	0	0	0	0	0	0	0	0	0	0
112268037	1.69744063588666	1.84426779340112	1.06876406868096	18.7212862352789	0.864007954898155	2.55727569843737	9.10921432100928	4.56093676288376	2.0951424521626	0	1.26422784637217	3.55267951733445	0	5.17270256850565	5.42685876769126	0.93241393390945
9355	0	0	0	1.70193511229809	0	0	4.55460716050464	0	0	0	0	0	0	0	0.904476461281877	0
29991	0	0	1.06876406868096	0	0.864007954898155	0.852425232812456	0	0	0	2.46033271902086	0	4.7369060231126	0	0.738957509786521	0	0
89958	7.63848286148995	17.5205440373106	3.20629220604289	2.55290266844713	9.50408750387971	0	10.9310571852111	20.5242154329769	34.5698504606829	4.92066543804171	44.2479746230259	59.2113252889075	28.9662760789954	42.1205780578317	39.7969642964026	34.4993155546496
2625	39.8898549433364	0	3.20629220604289	9.36064311763947	3.45603181959262	20.458205587499	7.28737145680743	4.56093676288376	224.180242381398	12.3016635951043	7.58536707823301	5.92113252889075	30.7766683339326	5.91166007829217	2.71342938384563	8.39172540518505
55388	3.39488127177331	23.9754813142145	2.13752813736193	6.80774044919234	9.50408750387971	2.55727569843737	10.9310571852111	44.4691334381166	39.8077065910894	8.611164516573	40.4552910839094	9.47381204622519	9.05196127468607	22.1687252935956	14.47162338051	18.648278678189
283078	4.24360158971664	35.9632219713218	142.145621134568	17.8703186791299	67.3926204820561	0	10.0201357531102	3.42070257216282	12.5708547129756	44.2859889423754	2.52845569274434	1.18422650577815	0	10.3454051370113	7.23581169025502	21.4455204799173
105378305	0	0	0	0	0	1.70485046562491	0.910921432100928	0	0	1.23016635951043	0	4.7369060231126	0	2.21687252935956	0.904476461281877	0.93241393390945
11130	60.2591425739763	175.205440373106	14.9626969615335	158.279965443722	69.9846443467506	51.9979392015598	70.1409502717715	192.699578231839	158.183255138276	79.9608133681778	41.7195189302815	56.8428722773512	38.0182373536815	68.7230484101465	79.5939285928052	106.295188465677
983	67.8976254354662	283.095106287071	14.9626969615335	53.6109560373897	49.2484534291948	49.4406635031225	90.1812217779919	229.187072334909	256.654950389918	28.2938262687398	79.6463543214466	85.2643084160267	34.3974528438071	179.566674878125	130.24461042459	133.335192549051
6865	58.5617019380896	199.180921687321	2324.56184938109	85.0967556149043	133.057225054316	28.1300326828111	1222.45656187945	4485.68130629618	336.270363572097	2290.56976140842	3600.52090646793	1159.35774915681	1401.2436053214	1293.9145996362	6604.48712028027	310.493839991847
27063	6.78976254354662	2.76640169010168	0	1.70193511229809	1.72801590979631	0	2.73276429630278	0	6.2854273564878	11.0714972355939	0	2.3684530115563	0	1.47791501957304	0.904476461281877	7.4593114712756
3832	64.5027441636929	166.906235302801	36.3379783351527	41.6974102513031	25.0562306920465	37.5067102437481	59.2098930865603	139.108571267955	122.565833451512	25.833493549719	31.6056961593042	74.6062698640234	43.4494141184931	80.5463685667308	72.3581169025502	68.0662171753898
55165	16.1256860409232	94.9797913601575	2.13752813736193	12.7645133422356	12.0961113685742	0.852425232812456	30.0604072593306	67.2738172525355	91.138696669073	11.0714972355939	22.756101234699	13.0264915635596	10.8623535296233	34.7310029599665	76.8804992089596	49.4179384972008
101927760	156.164538501572	5.53280338020335	3.20629220604289	0	23.3282147822502	214.811158668739	5.46552859260557	0	121.518262225431	45.5161553018858	1.26422784637217	0	1404.86438983128	0.738957509786521	22.6119115320469	0
2834	366.647177351518	165.0619675094	1.06876406868096	0.850967556149043	157.249447791464	2.55727569843737	396.250822963904	355.753067504933	819.200698795576	137.778632265168	886.22372030689	760.273416709572	9.05196127468607	693.142144179757	2464.69835699312	134.267606482961
105378523	1.69744063588666	0.922133896700558	1.06876406868096	0	0	0	0.910921432100928	0	0	0	0	1.18422650577815	0	1.47791501957304	0.904476461281877	0
399815	1.69744063588666	0	0	1.70193511229809	0.864007954898155	0.852425232812456	0.910921432100928	1.14023419072094	0	0	0	1.18422650577815	0	0	0.904476461281877	0
101101772	1.69744063588666	1.84426779340112	0	6.80774044919234	2.59202386469447	0	0.910921432100928	0	0	1.23016635951043	0	0	0	4.43374505871913	3.61790584512751	0.93241393390945
4288	30.5539314459598	102.356862533762	10.6876406868096	44.2503129197502	28.5122625116391	5.96697662968719	46.4569930371473	37.627728293791	145.612400425301	33.2144917067816	89.7601770924239	80.5274023929141	59.7429444129281	121.927989114776	152.856521956637	196.739340054894
4004	0.848720317943328	0.922133896700558	4.27505627472385	5.10580533689426	1.72801590979631	3.40970093124983	9.10921432100928	0	5.2378561304065	113.175305074959	5.05691138548867	5.92113252889075	0	1.47791501957304	2.71342938384563	0.93241393390945
102724784	3.39488127177331	0	0	0.850967556149043	0	0.852425232812456	1.82184286420186	5.7011709536047	0	3.69049907853128	17.6991898492103	4.7369060231126	28.9662760789954	2.21687252935956	6.33133522897314	3.7296557356378
79733	3.39488127177331	17.5205440373106	0	0.850967556149043	1.72801590979631	0	8.19829288890836	0	2.0951424521626	4.92066543804171	2.52845569274434	3.55267951733445	0	5.17270256850565	3.61790584512751	7.4593114712756
143662	0	0	0	15.3174160106828	0	0.852425232812456	0	0	0	0	0	1.18422650577815	0	0	0	0
8424	2.54616095382998	0	1.06876406868096	0.850967556149043	0	0.852425232812456	0.910921432100928	6.84140514432564	1.0475712260813	1.23016635951043	2.52845569274434	1.18422650577815	0	0.738957509786521	0	0.93241393390945
103695435	2.54616095382998	0.922133896700558	0	0	2.59202386469447	0.852425232812456	7.28737145680743	0	1.0475712260813	1.23016635951043	0	1.18422650577815	0	0	0	1.8648278678189
81930	17.8231266768099	26.7418830043162	8.5501125494477	7.65870800534138	7.7760715940834	7.67182709531211	15.4856643457158	9.12187352576752	16.7611396173008	11.0714972355939	1.26422784637217	7.10535903466889	1.81039225493721	15.5181077055169	7.23581169025502	22.3779344138268
79056	8.48720317943328	16.5984101406101	4.27505627472385	57.0148262619859	2.59202386469447	17.9009298890616	6.3764500247065	9.12187352576752	2.0951424521626	1.23016635951043	0	0	7.24156901974886	4.43374505871913	1.80895292256375	6.52689753736615
219527	16.1256860409232	412.19385182515	1.06876406868096	2.55290266844713	1792.81650641367	7.67182709531211	172.164150667075	117.444121644257	26.1892806520325	46.7463216613963	271.808986970016	226.187262603626	0	67.98409090036	296.668279300456	438.234548937441
219970	0	1.84426779340112	0	0.850967556149043	2.59202386469447	3.40970093124983	7.28737145680743	1.14023419072094	3.1427136782439	0	0	1.18422650577815	0	5.17270256850565	3.61790584512751	0
105369315	0.848720317943328	0.922133896700558	0	0	0.864007954898155	2.55727569843737	1.82184286420186	0	0	0	2.52845569274434	3.55267951733445	0	1.47791501957304	0	0
374393	8.48720317943328	38.7296236614235	3.20629220604289	15.3174160106828	33.6963102410281	4.26212616406228	21.8621143704223	21.6644496236979	34.5698504606829	12.3016635951043	37.926835391165	22.5003036097848	12.6727457845605	25.1245553327417	37.083534912557	28.9048319511929
55867	1.69744063588666	2.76640169010168	0	0	3.45603181959262	7.67182709531211	2.73276429630278	1.14023419072094	0	0	11.3780506173495	9.47381204622519	0	5.91166007829217	3.61790584512751	1.8648278678189
113130	27.1590501741865	78.3813812195475	30.9941579917479	22.1251564598751	49.2484534291948	14.4912289578118	25.505800098826	57.011709536047	101.614408929886	38.1351571448233	63.2113923186084	62.7640048062419	65.1741211777397	85.7190711352365	67.8357345961408	124.011053209957
2348	3.39488127177331	0.922133896700558	0	0	1.72801590979631	1.70485046562491	0	2.28046838144188	2.0951424521626	2.46033271902086	1.26422784637217	1.18422650577815	1.81039225493721	0.738957509786521	0	0
84649	9.3359234973766	5.53280338020335	3.20629220604289	11.9135457860866	22.464206827352	3.40970093124983	5.46552859260557	3.42070257216282	13.6184259390569	7.38099815706257	32.8699240056764	23.684530115563	19.9143148043094	12.5622776663709	5.42685876769126	0.93241393390945
4544	0	0	0	0	0.864007954898155	0	0	0	0	0	0	0	0	0	0	0
4321	0	0	2.13752813736193	0.850967556149043	0	0	0.910921432100928	1.14023419072094	0	0	0	0	0	0	0.904476461281877	0
2893	0	0.922133896700558	1.06876406868096	0.850967556149043	3.45603181959262	0.852425232812456	0.910921432100928	0	0	2.46033271902086	0	0	5.43117676481164	0	4.52238230640939	0
1813	80.6284302046161	181.66037765001	10.6876406868096	12.7645133422356	107.136986407371	16.1960794234367	65.5863431112668	132.267166123629	172.849252303414	150.080295860272	1379.27258039203	129.080689129818	229.919816377026	69.462005919933	618.661899516804	156.645540896788
338667	100.148997517313	11.9877406571073	0	10.2116106737885	139.969288693501	23.0154812859363	22.7730358025232	80.9566275411867	18.8562820694634	125.476968670064	304.678910975692	43.8163807137915	4609.25868107015	32.5141304306069	157.378904263047	31.7020737529213
8538	0	0	0	0.850967556149043	0	1.70485046562491	0	0	0	1.23016635951043	0	0	0	0	0.904476461281877	0
6768	16.1256860409232	4.61066948350279	11.7564047554906	20.423221347577	32.8323022861299	31.5397336140609	5.46552859260557	5.7011709536047	9.42814103473169	68.889316132584	3.7926835391165	24.8687566213411	43.4494141184931	19.9518527642361	7.23581169025502	28.9048319511929
112937	63.6540238457496	233.299875865241	0	0.850967556149043	4.32003977449078	0.852425232812456	82.8938503211845	2.28046838144188	2.0951424521626	0	67.0040758577249	101.843479496921	0	197.301655113001	687.402110574227	878.333925742702
100292680	0.848720317943328	0	0	2.55290266844713	1.72801590979631	1.70485046562491	0	0	0	1.23016635951043	1.26422784637217	1.18422650577815	0	0	0	0
2305	84.0233114763894	91.2912557733553	22.4440454423002	30.6348320213655	38.0163500155188	86.0949485140581	54.6552859260557	85.5175643040705	81.7105556343413	51.666987099438	142.857746640055	117.238424072037	157.504126179538	104.931966389686	123.913275195617	169.69933597152
107987172	3.39488127177331	1.84426779340112	0	0	2.59202386469447	3.40970093124983	0	4.56093676288376	3.1427136782439	2.46033271902086	0	2.3684530115563	0	5.17270256850565	2.71342938384563	0
4973	0.848720317943328	3.68853558680223	0	9.36064311763947	2.59202386469447	11.9339532593744	17.3075072099176	0	1.0475712260813	49.2066543804171	1.26422784637217	17.7633975866722	0	6.65061758807869	24.4208644546107	3.7296557356378
120939	0	1.84426779340112	0	0.850967556149043	0.864007954898155	0	0.910921432100928	0	0	1.23016635951043	0	2.3684530115563	0	1.47791501957304	0.904476461281877	0.93241393390945
107984129	0.848720317943328	0.922133896700558	0	1.70193511229809	0.864007954898155	0.852425232812456	0	3.42070257216282	3.1427136782439	1.23016635951043	2.52845569274434	13.0264915635596	1.81039225493721	2.95583003914609	2.71342938384563	2.79724180172835
4257	27.1590501741865	11.9877406571073	0	127.645133422356	94.1768670838989	17.0485046562491	12.752900049413	13.6828102886513	4.1902849043252	72.5798152111153	41.7195189302815	40.2637011964571	5.43117676481164	31.0362154110339	9.04476461281877	95.1062212587639
105369685	0.848720317943328	0.922133896700558	0	0	0	0	0.910921432100928	10.2621077164885	0	2.46033271902086	0	1.18422650577815	0	2.21687252935956	1.80895292256375	0.93241393390945
107984475	0	0	0	0	0	0	0	0	0	0	0	0	0	0	0	0
23109	3.39488127177331	1.84426779340112	5.34382034340481	2.55290266844713	0	0.852425232812456	0.910921432100928	2.28046838144188	3.1427136782439	2.46033271902086	1.26422784637217	1.18422650577815	0	4.43374505871913	3.61790584512751	0
10024	11.8820844512066	23.9754813142145	8.5501125494477	8.50967556149043	11.232103413676	5.96697662968719	19.1293500741195	25.0851521958607	23.0465669737886	15.9921626736356	39.1910632375372	21.3160771040067	21.7247070592466	50.98806817527	48.8417289092214	46.6206966954725
112802	0	0	0	0	0.864007954898155	0	0	4.56093676288376	0	27.0636599092294	26.5487847738155	13.0264915635596	36.2078450987443	6.65061758807869	1.80895292256375	19.5806926120984
3856	16.1256860409232	23.053347417514	7.48134848076674	31.4857995775146	156.385439836566	685.349887181215	43.7242287408446	17.1035128608141	10.475712260813	228.81094286894	79.6463543214466	87.632761427583	95.9507895116724	101.237178840753	65.1223052122952	37.296557356378
113218482	0	0.922133896700558	1.06876406868096	1.70193511229809	10.3680954587779	42.6212616406228	1.82184286420186	1.14023419072094	0	11.0714972355939	3.7926835391165	1.18422650577815	1.81039225493721	3.69478754893261	0.904476461281877	0.93241393390945
9700	5.09232190765997	22.1312135208134	4.27505627472385	10.2116106737885	12.9601193234723	11.9339532593744	8.19829288890836	4.56093676288376	24.0941381998699	17.222329033146	18.9634176955825	15.3949445751159	1.81039225493721	25.8635128425282	27.1342938384563	31.7020737529213
3229	0	0	1.06876406868096	0	0	0	0	0	0	3.69049907853128	1.26422784637217	0	1.81039225493721	22.1687252935956	7.23581169025502	0.93241393390945
3227	14.4282454050366	0.922133896700558	0	2.55290266844713	0	0.852425232812456	0	0	1.0475712260813	44.2859889423754	24.0203290810712	0	0	25.8635128425282	6.33133522897314	0
8549	1.69744063588666	1.84426779340112	0	1.70193511229809	0	1.70485046562491	12.752900049413	0	0	0	3.7926835391165	2.3684530115563	7.24156901974886	8.12853260765174	0	0
144455	7.63848286148995	26.7418830043162	1.06876406868096	20.423221347577	13.8241272783705	16.1960794234367	1.82184286420186	14.8230444793722	49.2358476258211	2.46033271902086	10.1138227709773	8.28958554044704	3.62078450987443	11.8233201565843	29.847723222302	3.7296557356378
10993	1.69744063588666	1.84426779340112	3.20629220604289	45.9522480320483	0.864007954898155	8.52425232812456	17.3075072099176	2.28046838144188	15.7135683912195	19.6826617521669	0	31.97411565601	0	23.6466403131687	21.7074350707651	1.8648278678189
387895	0.848720317943328	0.922133896700558	7.48134848076674	1.70193511229809	0.864007954898155	0.852425232812456	0	0	0	0	0	2.3684530115563	1.81039225493721	31.0362154110339	10.8537175353825	0
338797	5.94104222560329	0	7.48134848076674	0.850967556149043	0	0	0.910921432100928	0	36.6649929128455	18.4524953926564	13.9065063100938	9.47381204622519	83.2780437271119	19.9518527642361	9.04476461281877	0
50614	134.946530552989	100.512594740361	140.008092997206	10.2116106737885	9.50408750387971	1.70485046562491	32.7931715556334	21.6644496236979	492.358476258211	127.937301389085	72.0609872432136	7.10535903466889	276.990015005394	62.0724308220678	107.632698892543	0
221150	14.4282454050366	37.8074897647229	2.13752813736193	7.65870800534138	21.6001988724539	5.11455139687474	15.4856643457158	28.5058547680235	60.7591311127154	15.9921626736356	15.170734156466	14.2107180693378	9.05196127468607	17.7349802348765	31.6566761448657	47.5531106293819
2835	108.636200696746	0	1.06876406868096	148.919322326082	0	0	1.82184286420186	37.627728293791	17.8087108433821	2.46033271902086	6.32113923186084	0	115.865104315982	0	0	0.93241393390945
122042	115.425963240293	1.84426779340112	0	0.850967556149043	8.64007954898155	0	787.036117335202	111.742950690652	312.176225372227	148.850129500762	25.2845569274434	28.4214361386756	43.4494141184931	587.471220280284	205.316156710986	1.8648278678189
103689845	0	0	0	0.850967556149043	0	0	0	1.14023419072094	0	0	2.52845569274434	1.18422650577815	7.24156901974886	6.65061758807869	0	0
5100	0.848720317943328	4.61066948350279	1.06876406868096	0.850967556149043	67.3926204820561	0	116.597943308919	13.6828102886513	0	0	10.1138227709773	0	0	65.7672183710004	1.80895292256375	3.7296557356378
81624	16.9744063588666	116.18887098427	14.9626969615335	7.65870800534138	11.232103413676	2.55727569843737	18.2184286420186	26.2253863865816	53.4261325301463	72.5798152111153	34.1341518520485	21.3160771040067	21.7247070592466	48.7711956459104	20.8029586094832	48.4855245632914
5101	4.24360158971664	1.84426779340112	3.20629220604289	22.1251564598751	4.32003977449078	0.852425232812456	35.5259358519362	0	1.0475712260813	4.92066543804171	3.7926835391165	14.2107180693378	12.6727457845605	37.6868329991126	7.23581169025502	6.52689753736615
7546	0.848720317943328	0	0	0.850967556149043	0	0	0	0	0	0	0	0	0	0	0	0
28755	71.2925067072395	36.8853558680223	2.13752813736193	131.049003646953	126.145161415131	109.110429799994	102.934121827405	33.0667915309073	80.66298440826	195.596451162158	68.2683037040971	88.8169879333612	3.62078450987443	75.3736659982252	112.155081198953	99.7682909283111
116173	8.48720317943328	143.852887885287	0	4.25483778074521	349.923221733753	61.3746167624969	2.73276429630278	79.8163933504658	6.2854273564878	2.46033271902086	77.1178986287022	11.8422650577815	12.6727457845605	7.38957509786521	3.61790584512751	5.5944836034567
2290	0	0	0	0	0	0	0	0	0	0	0	0	0	0	0	0
387978	0	0	0	0	0	0	0	0	5.2378561304065	0	0	0	0	0.738957509786521	0	0
1690	2.54616095382998	5.53280338020335	770.578893518974	8.50967556149043	0.864007954898155	9.37667756093702	20.0402715062204	5.7011709536047	1.0475712260813	13.5318299546147	3.7926835391165	15.3949445751159	3.62078450987443	24.3855978229552	6.33133522897314	33.5669016207402
100506071	1.69744063588666	2.76640169010168	391.167649137232	3.40387022459617	0.864007954898155	5.11455139687474	10.0201357531102	2.28046838144188	0	7.38099815706257	1.26422784637217	7.10535903466889	0	11.8233201565843	2.71342938384563	18.648278678189
5083	5.09232190765997	4.61066948350279	7.48134848076674	6.80774044919234	5.18404772938893	2.55727569843737	13.6638214815139	3.42070257216282	16.7611396173008	2.46033271902086	3.7926835391165	1.18422650577815	5.43117676481164	5.17270256850565	0.904476461281877	1.8648278678189
1033	36.4949736715631	101.434728637061	63.0570800521768	68.9283720480725	25.0562306920465	3.40970093124983	55.5662073581566	43.3288992473957	94.2814103473169	71.3496488516048	41.7195189302815	63.94823131202	16.2935302944349	84.98011362545	55.1730641381945	68.9986311092993
9787	5.94104222560329	48.8730965251296	5.34382034340481	11.0625782299376	6.91206363918524	0.852425232812456	8.19829288890836	20.5242154329769	47.1407051736585	9.84133087608343	12.6422784637217	16.5791710808941	14.4831380394977	33.99204545018	37.083534912557	51.2827663650197
6495	6.78976254354662	0.922133896700558	38.4755064725147	319.112833555891	0	0.852425232812456	2.73276429630278	14.8230444793722	65.9969872431219	4.92066543804171	2.52845569274434	2.3684530115563	0	2.95583003914609	4.52238230640939	2.79724180172835
161291	4.24360158971664	1.84426779340112	48.0943830906433	50.2070858127935	2.59202386469447	9.37667756093702	10.0201357531102	14.8230444793722	2.0951424521626	20.9128281116773	1.26422784637217	1.18422650577815	7.24156901974886	2.21687252935956	5.42685876769126	12.1213811408228
100506411	0	0	1.06876406868096	51.0580533689426	0	1.70485046562491	3.64368572840371	2.28046838144188	0	2.46033271902086	2.52845569274434	5.92113252889075	0	3.69478754893261	4.52238230640939	0.93241393390945
9628	54.318100348373	11.0656067604067	14.9626969615335	4.25483778074521	18.1441670528613	95.4716260749951	24.5948786667251	29.6460889587444	12.5708547129756	4.92066543804171	6.32113923186084	4.7369060231126	90.5196127468607	17.7349802348765	8.1402881515369	35.4317294885591
5265	148.526055640082	38.7296236614235	21.3752813736193	74.0341773849667	59.6165488879727	70.7512943234339	92.9139860742947	17.1035128608141	78.5678419560974	305.081257158586	98.6097720170291	195.397373453395	10.8623535296233	63.5503458416408	119.390892889208	120.281397474319
91828	1.69744063588666	10.1434728637061	0	0.850967556149043	3.45603181959262	3.40970093124983	4.55460716050464	5.7011709536047	2.0951424521626	7.38099815706257	5.05691138548867	4.7369060231126	0	8.86749011743826	1.80895292256375	13.0537950747323
3502	21.2180079485832	6.45493727690391	3.20629220604289	23.8270915721732	2038.19476560475	691.316863810902	9.10921432100928	20.5242154329769	872.626831325722	5650.1540892314	182.048809877592	95.9223469680301	123.106673335731	484.756126419958	185.417674562785	855.955991328875
338005	0	3.68853558680223	0	0	0	0	55.5662073581566	12.5425760979303	0	6.15083179755214	61.9471644722362	81.7116288986923	0	1.47791501957304	28.0387702997382	2.79724180172835
654499	0	0	0	156.578030331424	0	0	0.910921432100928	0	0	0	0	1.18422650577815	0	0	2.71342938384563	0
7681	0	0	0	0	0.864007954898155	0	33.7040929877343	0	0	0	0	0	0	0	0	0
100288637	16.1256860409232	27.6640169010168	8.5501125494477	18.7212862352789	12.0961113685742	11.0815280265619	16.3965857778167	29.6460889587444	38.7601353650081	19.6826617521669	20.2276455419547	13.0264915635596	3.62078450987443	15.5181077055169	17.1850527643557	17.7158647442795
9824	27.1590501741865	123.565942157875	60.9195519148149	39.144507582856	20.7361909175557	25.5727569843737	49.1897573334501	72.9749882061402	90.0911254429917	22.1429944711877	30.341468312932	30.7898891502319	19.9143148043094	46.5543231165508	66.026781673577	40.0937991581063
701	195.205673126965	106.045398120564	10.6876406868096	17.0193511229809	74.3046841212414	108.258004567182	27.3276429630278	72.9749882061402	103.709551382049	34.444658066292	22.756101234699	24.8687566213411	34.3974528438071	31.7751729208204	59.6954464446039	41.0262130920158
107984763	0	0.922133896700558	0	0	0	2.55727569843737	0	0	0	0	0	0	1.81039225493721	0.738957509786521	0	3.7296557356378
57082	26.3103298562432	35.0410880746212	7.48134848076674	7.65870800534138	8.64007954898155	8.52425232812456	18.2184286420186	35.3472599123491	62.8542735648779	3.69049907853128	22.756101234699	15.3949445751159	21.7247070592466	24.3855978229552	46.1282995253757	22.3779344138268
51203	51.771939394543	177.049708166507	23.5128095109812	74.0341773849667	60.4805568428709	41.7688364078104	46.4569930371473	108.322248118489	160.278397590439	14.7619963141251	65.7398480113527	50.9217397484604	38.0182373536815	101.97613635054	120.29536935049	85.7820819196694
84419	5.09232190765997	2.76640169010168	0	5.9567728930433	3.45603181959262	0.852425232812456	10.9310571852111	1.14023419072094	8.38056980865039	9.84133087608343	3.7926835391165	1.18422650577815	0	13.3012351761574	9.94924107410065	1.8648278678189
100126311	1.69744063588666	0.922133896700558	0	1.70193511229809	0.864007954898155	0	2.73276429630278	1.14023419072094	1.0475712260813	4.92066543804171	3.7926835391165	1.18422650577815	0	5.17270256850565	5.42685876769126	0.93241393390945
11001	4.24360158971664	0	0	6.80774044919234	5.18404772938893	1.70485046562491	2.73276429630278	1.14023419072094	4.1902849043252	0	1.26422784637217	1.18422650577815	3.62078450987443	0.738957509786521	2.71342938384563	0
366	11.0333641332633	0	1.06876406868096	15.3174160106828	0.864007954898155	0	2.73276429630278	0	1.0475712260813	4.92066543804171	1.26422784637217	1.18422650577815	0	0	3.61790584512751	4.66206966954725
9133	25.4616095382998	75.6149795294458	10.6876406868096	11.9135457860866	15.5521431881668	8.52425232812456	35.5259358519362	49.0300702010004	69.1397009213657	15.9921626736356	31.6056961593042	53.2901927600167	32.5870605888699	101.97613635054	75.9760227476777	104.430360597858
9768	22.9154485844698	67.3157744591408	9.61887661812866	31.4857995775146	57.0245250232782	5.11455139687474	41.9023858766427	109.46248230921	104.75712260813	15.9921626736356	60.682936625864	34.3425686675663	59.7429444129281	53.9438982144161	84.1163108992146	60.6069057041142
9493	44.9821768509964	194.570252203818	128.251688241715	77.4380476095629	45.7924216096022	52.8503644343723	59.2098930865603	83.2370959226286	149.802685329626	45.5161553018858	41.7195189302815	30.7898891502319	10.8623535296233	98.2813488016073	87.7342167443421	82.0524261840316
729739	3.39488127177331	2.76640169010168	0	0	6.04805568428709	3.40970093124983	0.910921432100928	4.56093676288376	2.0951424521626	2.46033271902086	0	7.10535903466889	5.43117676481164	0.738957509786521	2.71342938384563	0
594855	62.8053035278062	61.7829710789374	0	2.55290266844713	590.981441150338	317.102186606234	0	18.243747051535	17.8087108433821	1.23016635951043	2.52845569274434	0	38.0182373536815	2.95583003914609	2.71342938384563	0
64843	0	0	11.7564047554906	0.850967556149043	0	0	0.910921432100928	0	11.5232834868943	1.23016635951043	0	0	0	1.47791501957304	0	0
101929690	1.69744063588666	0	4.27505627472385	0	0	0	0	0	0	0	0	0	0	0	0.904476461281877	0
105370924	0	0.922133896700558	0	0.850967556149043	0	0	0.910921432100928	0	0	0	0	0	0	0	0.904476461281877	0
105370953	0	0	0	0	0.864007954898155	0.852425232812456	0.910921432100928	0	0	0	0	0	0	0	0	0
105370960	0	0	0	0	2.59202386469447	0	0.910921432100928	1.14023419072094	0	1.23016635951043	0	1.18422650577815	0	0	0.904476461281877	0
176	24.6128892203565	55.3280338020335	8.5501125494477	16.1683835668318	41.4723818351114	11.9339532593744	44.6351501729455	0	24.0941381998699	33.2144917067816	70.7967593968414	105.396159014255	30.7766683339326	51.7270256850565	21.7074350707651	143.591745822055
145873	0	0	0	0.850967556149043	0	0.852425232812456	0	1.14023419072094	0	4.92066543804171	1.26422784637217	0	0	0	0	1.8648278678189
641	33.1000923997898	25.8197491076156	4.27505627472385	31.4857995775146	18.1441670528613	19.6057803546865	20.0402715062204	43.3288992473957	20.951424521626	25.833493549719	18.9634176955825	20.1318505982285	14.4831380394977	30.2972579012474	48.8417289092214	28.9048319511929
9055	69.5950660713529	190.881716617016	73.7447207389864	50.2070858127935	86.4007954898155	47.7358130374976	61.0317359507622	80.9566275411867	204.276389085853	55.3574861779693	67.0040758577249	67.5009108293545	45.2598063734304	84.98011362545	93.1610755120334	114.686913870862
100507118	25.4616095382998	57.1723015954346	23.5128095109812	10.2116106737885	25.9202386469447	16.1960794234367	22.7730358025232	35.3472599123491	57.6164174344715	23.3731608306981	31.6056961593042	29.6056626444537	19.9143148043094	36.2089179795395	36.1790584512751	47.5531106293819
899	22.0667282665265	35.9632219713218	39.5442705411956	47.6541831443464	46.6564295645004	19.6057803546865	23.6839572346241	22.8046838144188	62.8542735648779	27.0636599092294	29.0772404665599	40.2637011964571	23.5350993141838	39.1647480186856	39.7969642964026	55.0124221006575
105371050	0.848720317943328	2.76640169010168	3.20629220604289	3.40387022459617	1.72801590979631	1.70485046562491	1.82184286420186	1.14023419072094	2.0951424521626	2.46033271902086	2.52845569274434	2.3684530115563	7.24156901974886	2.95583003914609	3.61790584512751	2.79724180172835
10942	0.848720317943328	1.84426779340112	0	0.850967556149043	9.50408750387971	1.70485046562491	0	0	8.38056980865039	4.92066543804171	22.756101234699	1.18422650577815	0	0	0	4.66206966954725
6345	1152.56219176704	453.689877176675	2.13752813736193	11.9135457860866	3187.32534561929	629.089821815593	32.7931715556334	76.395690778303	96.3765527994795	33.2144917067816	35.3983796984207	15.3949445751159	318.62903686895	28.0803853718878	24.4208644546107	177.158647442795
107984851	2.54616095382998	0	2.13752813736193	3.40387022459617	1.72801590979631	0	2.73276429630278	6.84140514432564	2.0951424521626	1.23016635951043	0	0	0	2.21687252935956	3.61790584512751	0
9956	11.0333641332633	2.76640169010168	18.1689891675764	27.2309617967694	10.3680954587779	0	2.73276429630278	43.3288992473957	8.38056980865039	17.222329033146	7.58536707823301	5.92113252889075	5.43117676481164	69.462005919933	1.80895292256375	2.79724180172835
5347	29.7052111280165	43.3402931449262	13.8939328928525	19.572253791428	39.7443659253151	34.0970093124983	26.4167215309269	12.5425760979303	40.8552778171707	18.4524953926564	36.6626075447929	34.3425686675663	27.1558838240582	33.99204545018	54.2685876769126	65.2689753736615
10595	0.848720317943328	2.76640169010168	0	0	0.864007954898155	1.70485046562491	0.910921432100928	1.14023419072094	2.0951424521626	2.46033271902086	3.7926835391165	3.55267951733445	3.62078450987443	0.738957509786521	3.61790584512751	0.93241393390945
100506655	1046.47215202412	26.7418830043162	0	0	2.59202386469447	8.52425232812456	141.192821975644	7.98163933504658	579.306888022958	0	1.26422784637217	16.5791710808941	0	2.95583003914609	2.71342938384563	1.8648278678189
105371152	0	0	0	0	2.59202386469447	0	0.910921432100928	0	0	2.46033271902086	0	0	0	0	0	0
50615	17.8231266768099	8.29920507030503	0	4.25483778074521	15.5521431881668	9.37667756093702	38.258700148239	2.28046838144188	17.8087108433821	27.0636599092294	55.6260252403754	43.8163807137915	5.43117676481164	14.7791501957304	27.1342938384563	8.39172540518505
79801	33.9488127177331	72.8485778393441	4.27505627472385	26.3799942406203	17.2801590979631	13.6388037249993	32.7931715556334	30.7863231494654	73.3299858256909	17.222329033146	36.6626075447929	27.2372096328974	21.7247070592466	65.0282608612139	56.0775405994764	55.0124221006575
79191	5.94104222560329	8.29920507030503	21.3752813736193	34.0387022459617	0	6.81940186249965	28.2385643951288	5.7011709536047	21.9989957477073	24.6033271902086	15.170734156466	114.86997106048	7.24156901974886	42.1205780578317	12.6626704579463	6.52689753736615
105371275	1.69744063588666	0	0	0	0	0.852425232812456	0	0	4.1902849043252	1.23016635951043	0	3.55267951733445	0	0.738957509786521	0.904476461281877	0.93241393390945
10265	0.848720317943328	0	2.13752813736193	1.70193511229809	0	3.40970093124983	2.73276429630278	0	6.2854273564878	0	3.7926835391165	10.6580385520033	1.81039225493721	3.69478754893261	5.42685876769126	0.93241393390945
4496	0	0	0	0	0	0	0	0	0	0	0	0	0	1.47791501957304	0.904476461281877	0
4166	4.24360158971664	12.9098745538078	0	1.70193511229809	2.59202386469447	2.55727569843737	17.3075072099176	1.14023419072094	1.0475712260813	20.9128281116773	10.1138227709773	9.47381204622519	10.8623535296233	17.7349802348765	9.94924107410065	14.9186229425512
83903	0.848720317943328	7.37707117360447	2.13752813736193	0.850967556149043	0	0.852425232812456	1.82184286420186	1.14023419072094	4.1902849043252	0	0	0	1.81039225493721	0.738957509786521	2.71342938384563	3.7296557356378
107985017	0.848720317943328	9.22133896700558	2.13752813736193	0.850967556149043	3.45603181959262	0.852425232812456	1.82184286420186	2.28046838144188	6.2854273564878	4.92066543804171	6.32113923186084	5.92113252889075	0	7.38957509786521	3.61790584512751	10.2565532730039
54478	52.6206597124863	72.8485778393441	21.3752813736193	5.10580533689426	37.1523420606207	49.4406635031225	24.5948786667251	79.8163933504658	56.5688462083902	13.5318299546147	35.3983796984207	35.5267951733445	19.9143148043094	30.2972579012474	44.319346602812	54.0800081667481
9212	12.7308047691499	50.7173643185307	2.13752813736193	12.7645133422356	6.91206363918524	5.11455139687474	15.4856643457158	38.767962484512	56.5688462083902	17.222329033146	29.0772404665599	45.0006072195697	16.2935302944349	53.9438982144161	54.2685876769126	96.9710491265828
9955	3.39488127177331	61.7829710789374	11.7564047554906	2.55290266844713	14.6881352332686	9.37667756093702	5.46552859260557	4.56093676288376	3.1427136782439	1.23016635951043	10.1138227709773	20.1318505982285	0	39.9037055284722	2.71342938384563	4.66206966954725
84815	0.848720317943328	4.61066948350279	3.20629220604289	0	2.59202386469447	0.852425232812456	0.910921432100928	0	0	0	1.26422784637217	4.7369060231126	0	0	2.71342938384563	1.8648278678189
339256	18.6718469947532	1.84426779340112	1.06876406868096	3.40387022459617	0.864007954898155	0	2.73276429630278	2.28046838144188	0	9.84133087608343	0	3.55267951733445	0	1.47791501957304	0	0
10615	101.846438153199	92.2133896700558	30.9941579917479	72.3322422726686	83.8087716251211	69.8988690906214	50.1006787655511	94.639437829838	150.850256555707	59.0479852565006	112.516278327123	113.685744554702	99.5715740215468	116.75528654627	157.378904263047	163.172438434154
40	124.761886737669	79.303515116248	1.06876406868096	85.9477231710533	4.32003977449078	41.7688364078104	62.8535788149641	4.56093676288376	140.374544294894	98.4133087608343	209.86182249778	14.2107180693378	27.1558838240582	20.6908102740226	66.026781673577	85.7820819196694
105371737	5.09232190765997	2.76640169010168	1.06876406868096	0.850967556149043	0	2.55727569843737	1.82184286420186	1.14023419072094	6.2854273564878	4.92066543804171	24.0203290810712	0	3.62078450987443	2.21687252935956	10.8537175353825	7.4593114712756
100533789	0	0	0	0	0	0	0	2.28046838144188	2.0951424521626	0	0	2.3684530115563	0	3.69478754893261	0.904476461281877	0
201299	1.69744063588666	2.76640169010168	0	0	0.864007954898155	2.55727569843737	0	1.14023419072094	3.1427136782439	0	0	1.18422650577815	0	0.738957509786521	0.904476461281877	3.7296557356378
6362	0	0	11.7564047554906	0.850967556149043	0	0	0	0	0	0	0	0	0	1.47791501957304	0.904476461281877	0
7153	108.636200696746	486.886697457895	34.2004501977908	50.2070858127935	137.377264828807	34.0970093124983	128.439921926231	399.081966752329	516.45261445808	52.8971534589484	178.256126338476	120.791103589371	95.9507895116724	192.128952544496	281.292179458664	163.172438434154
3881	0.848720317943328	0.922133896700558	0	0.850967556149043	0	0	0	0	0	83.6513124467091	60.682936625864	71.0535903466889	182.849617748659	11.0843626467978	0.904476461281877	27.040004083374
146909	5.09232190765997	31.352552487819	2.13752813736193	8.50967556149043	6.91206363918524	5.11455139687474	10.0201357531102	13.6828102886513	30.3795655563577	3.69049907853128	25.2845569274434	21.3160771040067	12.6727457845605	25.1245553327417	15.3760998417919	37.296557356378
101060400	0	0	0	0	0	0	0.910921432100928	0	1.0475712260813	0	0	0	0	0	0	0
360205	0	0	0	0	0	0	0	0	0	0	0	0	0	0	0	0
100422978	0	0	0	0	0	0	0	0	0	0	0	0	0	0	0	0
10481	0	0	1.06876406868096	0.850967556149043	0	0	0	0	0	1.23016635951043	0	2.3684530115563	0	0	0	0
10642	0.848720317943328	0.922133896700558	0	0.850967556149043	0	0.852425232812456	0.910921432100928	0	0	0	2.52845569274434	1.18422650577815	0	0.738957509786521	0	0
1748	0	1.84426779340112	2.13752813736193	0.850967556149043	2.59202386469447	0	0.910921432100928	0	0	0	1.26422784637217	0	0	0.738957509786521	0	0
55771	58.5617019380896	67.3157744591408	32.0629220604289	24.6780591283222	47.5204375193985	51.1455139687474	44.6351501729455	120.86482421642	70.187272147447	62.7384843350318	68.2683037040971	106.580385520033	101.381966276484	90.8917737037421	110.346128276389	124.943467143866
9496	0.848720317943328	3.68853558680223	1.06876406868096	1.70193511229809	0.864007954898155	0.852425232812456	0.910921432100928	0	3.1427136782439	1.23016635951043	0	0	0	1.47791501957304	2.71342938384563	0
27091	0	0	2.13752813736193	0.850967556149043	2.59202386469447	0	0	3.42070257216282	0	0	3.7926835391165	0	0	3.69478754893261	6.33133522897314	0
102606463	5.09232190765997	0	1.06876406868096	1.70193511229809	0.864007954898155	0	0.910921432100928	0	0	0	0	0	0	0	0	0
400618	0.848720317943328	0	1.06876406868096	0	0	0	0.910921432100928	0	0	0	0	2.3684530115563	1.81039225493721	0	5.42685876769126	4.66206966954725
6662	19.5205673126965	23.053347417514	12.8251688241716	20.423221347577	1.72801590979631	0.852425232812456	26.4167215309269	1.14023419072094	3.1427136782439	23.3731608306981	1.26422784637217	13.0264915635596	7.24156901974886	6.65061758807869	10.8537175353825	20.5131065460079
332	28.0077704921298	194.570252203818	12.8251688241716	20.423221347577	27.648254556741	8.52425232812456	35.5259358519362	134.547634505071	143.517257973138	36.9049907853128	78.3821264750744	76.9747228755797	132.158634610417	113.799456507124	170.946051182275	176.226233508886
105371927	0	0.922133896700558	0	0.850967556149043	0	0	0	0	0	1.23016635951043	0	0	0	0	0	0
647946	5.09232190765997	2.76640169010168	1.06876406868096	1.70193511229809	2.59202386469447	0	1.82184286420186	14.8230444793722	2.0951424521626	8.611164516573	1.26422784637217	0	1.81039225493721	2.21687252935956	0.904476461281877	0
6860	2.54616095382998	0	0	0	2.59202386469447	0	0	0	0	0	0	0	0	1.47791501957304	0.904476461281877	0
284266	0.848720317943328	2.76640169010168	1.06876406868096	2.55290266844713	1.72801590979631	2.55727569843737	0.910921432100928	3.42070257216282	0	2.46033271902086	0	0	0	1.47791501957304	0	0
9388	3.39488127177331	5.53280338020335	0	32.3367671336636	0.864007954898155	1.70485046562491	21.8621143704223	5.7011709536047	1.0475712260813	3.69049907853128	3.7926835391165	2.3684530115563	0	15.5181077055169	12.6626704579463	1.8648278678189
220134	10.1846438153199	27.6640169010168	4.27505627472385	8.50967556149043	13.8241272783705	0.852425232812456	4.55460716050464	19.383981242256	58.6639886605528	4.92066543804171	17.6991898492103	20.1318505982285	1.81039225493721	22.1687252935956	50.6506818317851	38.2289712902874
105372115	0.848720317943328	0	0	0	0	0	0	0	3.1427136782439	0	0	0	0	0	0	0.93241393390945
1630	0.848720317943328	0.922133896700558	1.06876406868096	0.850967556149043	0	0	0.910921432100928	4.56093676288376	1.0475712260813	1.23016635951043	0	0	1.81039225493721	0.738957509786521	0.904476461281877	0
115701	0	15.6762762439095	0	2.55290266844713	2.59202386469447	0	2.73276429630278	0	0	22.1429944711877	2.52845569274434	1.18422650577815	0	49.5101531556969	11.7581939966644	5.5944836034567
284293	0	0	0	0.850967556149043	0.864007954898155	0.852425232812456	0	1.14023419072094	1.0475712260813	2.46033271902086	0	0	0	0	0	0.93241393390945
284240	4.24360158971664	61.7829710789374	1.06876406868096	9.36064311763947	7.7760715940834	163.665644699992	70.1409502717715	4.56093676288376	2.0951424521626	12.3016635951043	51.8333417012589	29.6056626444537	7.24156901974886	19.2128952544496	8.1402881515369	7.4593114712756
29128	16.1256860409232	57.1723015954346	10.6876406868096	19.572253791428	33.6963102410281	8.52425232812456	25.505800098826	53.5910069638842	82.7581268604226	19.6826617521669	29.0772404665599	27.2372096328974	14.4831380394977	40.6426630382587	49.7462053705033	44.7558688276536
970	0.848720317943328	0	0	13.6154808983847	2.59202386469447	4.26212616406228	3.64368572840371	0	4.1902849043252	2.46033271902086	1.26422784637217	0	1.81039225493721	0	1.80895292256375	0.93241393390945
147741	54.318100348373	0	0	0	3.45603181959262	9.37667756093702	0	1.14023419072094	0	1.23016635951043	5.05691138548867	1.18422650577815	0	0	6.33133522897314	0
147841	27.1590501741865	67.3157744591408	11.7564047554906	83.3948205026062	44.0644056998059	17.0485046562491	18.2184286420186	75.255456587582	74.3775570517722	39.3653235043337	51.8333417012589	47.369060231126	94.1403972567351	56.8997282535621	136.575945653563	104.430360597858
1995	3.39488127177331	0	1.06876406868096	0.850967556149043	0	11.0815280265619	1.82184286420186	2.28046838144188	0	0	8.84959492460517	52.1059662542386	0	10.3454051370113	9.04476461281877	0.93241393390945
55723	20.3692876306399	63.6272388723385	3.20629220604289	23.8270915721732	57.8885329781764	14.4912289578118	19.1293500741195	37.627728293791	56.5688462083902	27.0636599092294	41.7195189302815	33.1583421617882	28.9662760789954	33.2530879403935	41.6059172189664	77.3903565144843
8529	12.7308047691499	0.922133896700558	0	0	0	3.40970093124983	1.82184286420186	7.98163933504658	2.0951424521626	0	8.84959492460517	2.3684530115563	5.43117676481164	2.95583003914609	0	0
110806280	0	0	0	0	0	0	0.910921432100928	0	0	0	0	0	0	0	1.80895292256375	1.8648278678189
10437	720.563549933885	149.38569126549	167.795958782911	228.910272604092	221.186036453928	255.727569843737	413.558330173821	119.724590025699	265.035520198569	845.124288983664	370.418758987045	525.796568565498	152.072949414726	481.800296380812	412.441266344536	402.802819448882
80714	5.94104222560329	0	2.13752813736193	9.36064311763947	11.232103413676	31.5397336140609	6.3764500247065	3.42070257216282	7.33299858256909	11.0714972355939	18.9634176955825	16.5791710808941	1.81039225493721	24.3855978229552	9.04476461281877	0.93241393390945
284403	9.3359234973766	33.1968202812201	53.4382034340481	22.9761240160242	15.5521431881668	12.7863784921868	13.6638214815139	18.243747051535	31.427136782439	17.222329033146	31.6056961593042	45.0006072195697	23.5350993141838	24.3855978229552	44.319346602812	39.1613852241969
3783	8.48720317943328	3.68853558680223	4.27505627472385	43.3993453636012	12.0961113685742	46.0309625718726	36.4368572840371	4.56093676288376	7.33299858256909	43.055822582865	18.9634176955825	17.7633975866722	21.7247070592466	39.1647480186856	29.847723222302	121.213811408228
100533990	1.69744063588666	0	0	2.55290266844713	3.45603181959262	1.70485046562491	1.82184286420186	1.14023419072094	2.0951424521626	1.23016635951043	1.26422784637217	8.28958554044704	1.81039225493721	8.12853260765174	0.904476461281877	0
344	0.848720317943328	0	0	2.55290266844713	2.59202386469447	1.70485046562491	1.82184286420186	0	2.0951424521626	1.23016635951043	1.26422784637217	8.28958554044704	1.81039225493721	6.65061758807869	0.904476461281877	0
54854	1.69744063588666	0.922133896700558	0	0	1.72801590979631	0	0.910921432100928	0	0	0	0	1.18422650577815	0	0	0	0
354	0.848720317943328	0.922133896700558	0	0	13.8241272783705	4.26212616406228	0	7.98163933504658	1.0475712260813	34.444658066292	8.84959492460517	2.3684530115563	1.81039225493721	10.3454051370113	9.04476461281877	6.52689753736615
25818	9.3359234973766	43.3402931449262	288.56629854386	0	0	2.55727569843737	65.5863431112668	41.0484308659538	33.5222792346016	974.291756732259	161.821164335637	138.554501176043	39.8286296086187	133.012351761574	36.1790584512751	3.7296557356378
5653	65.3514644816362	11.9877406571073	11.7564047554906	0	2.59202386469447	57.1124905984346	20.0402715062204	3.42070257216282	16.7611396173008	519.130203713401	40.4552910839094	46.1848337253478	7.24156901974886	63.5503458416408	17.1850527643557	0.93241393390945
5650	14.4282454050366	15.6762762439095	26.7191017170241	0.850967556149043	2.59202386469447	9.37667756093702	123.885314765726	14.8230444793722	21.9989957477073	2039.61582406829	283.187037587366	129.080689129818	36.2078450987443	198.040612622788	77.7849756702415	0.93241393390945
89858	0.848720317943328	9.22133896700558	0	5.9567728930433	1.72801590979631	11.9339532593744	2.73276429630278	0	1.0475712260813	3.69049907853128	0	3.55267951733445	3.62078450987443	1.47791501957304	0	14.9186229425512
55655	9.3359234973766	0.922133896700558	0	2.55290266844713	3.45603181959262	3.40970093124983	4.55460716050464	1.14023419072094	1.0475712260813	12.3016635951043	6.32113923186084	3.55267951733445	0	34.7310029599665	0.904476461281877	0.93241393390945
55423	11.8820844512066	0.922133896700558	0	11.9135457860866	5.18404772938893	6.81940186249965	3.64368572840371	0	7.33299858256909	8.611164516573	2.52845569274434	5.92113252889075	0	1.47791501957304	3.61790584512751	3.7296557356378
101929707	39.8898549433364	341.189541779207	0	2.55290266844713	18.1441670528613	1.70485046562491	1.82184286420186	0	38.7601353650081	136.548465905658	12.6422784637217	0	0	4.43374505871913	19.8984821482013	2.79724180172835
22974	39.0411346253931	162.295565819298	29.925393923067	288.478001534525	19.0081750077594	18.753355121874	31.8822501235325	83.2370959226286	148.755114103544	60.278151616011	93.5528606315404	71.0535903466889	76.036474707363	107.148838919046	131.149086885872	183.685544980162
105372613	1.69744063588666	1.84426779340112	0	0	2.59202386469447	0.852425232812456	0.910921432100928	4.56093676288376	2.0951424521626	1.23016635951043	1.26422784637217	0	0	0.738957509786521	0	0
4605	10.1846438153199	38.7296236614235	3.20629220604289	6.80774044919234	18.1441670528613	5.96697662968719	6.3764500247065	31.9265573401863	31.427136782439	19.6826617521669	48.0406581621424	59.2113252889075	52.5013753931792	68.7230484101465	72.3581169025502	50.3503524311103
11065	71.2925067072395	105.123264223864	10.6876406868096	11.0625782299376	128.737185279825	6.81940186249965	37.3477787161381	67.2738172525355	145.612400425301	41.8256562233546	63.2113923186084	56.8428722773512	54.3117676481164	70.2009634297195	117.581939966644	178.091061376705
4318	0.848720317943328	10.1434728637061	26.7191017170241	20.423221347577	14.6881352332686	1.70485046562491	169.431386370773	9.12187352576752	10.475712260813	7.38099815706257	39.1910632375372	284.214361386756	5.43117676481164	167.74335472154	41.6059172189664	29.8372458851024
109729184	1.69744063588666	2.76640169010168	12.8251688241716	12.7645133422356	9.50408750387971	11.9339532593744	51.9225216297529	4.56093676288376	7.33299858256909	4.92066543804171	20.2276455419547	101.843479496921	3.62078450987443	56.8997282535621	19.8984821482013	17.7158647442795
101927355	1.69744063588666	0	1.06876406868096	7.65870800534138	0.864007954898155	0	0.910921432100928	0	0	0	0	0	0	1.47791501957304	0.904476461281877	0
107985436	0	0	0	0	0.864007954898155	0	0.910921432100928	0	0	0	0	0	0	0	0	0
57167	12.7308047691499	3.68853558680223	1.06876406868096	44.2503129197502	1.72801590979631	5.11455139687474	14.5747429136149	6.84140514432564	1.0475712260813	3.69049907853128	13.9065063100938	59.2113252889075	0	61.3334733122813	27.1342938384563	0
6790	18.6718469947532	68.2379083558413	57.713259708772	51.0580533689426	29.3762704665373	20.458205587499	28.2385643951288	22.8046838144188	54.4737037562276	55.3574861779693	46.7764303157702	21.3160771040067	23.5350993141838	45.8153656067643	51.555158293067	67.1338032414804
140628	203.692876306399	178.893975959908	273.603601582326	12.7645133422356	10.3680954587779	97.17647654062	83.8047717532854	251.991756149328	238.846239546536	72.5798152111153	539.825290400916	137.370274670265	182.849617748659	28.0803853718878	205.316156710986	2.79724180172835
23562	3.39488127177331	0	0	2.55290266844713	0.864007954898155	0	3.64368572840371	2.28046838144188	1.0475712260813	2.46033271902086	0	1.18422650577815	0	3.69478754893261	0.904476461281877	0
107985492	0	0	0	3.40387022459617	0	0	0	0	0	0	0	0	0	1.47791501957304	0	0
53820	0.848720317943328	1.84426779340112	1.06876406868096	0.850967556149043	1.72801590979631	5.11455139687474	0	1.14023419072094	2.0951424521626	0	1.26422784637217	0	10.8623535296233	1.47791501957304	2.71342938384563	4.66206966954725
107985513	5.09232190765997	0	0	0	4.32003977449078	0	0.910921432100928	1.14023419072094	0	0	0	0	0	2.21687252935956	0	0
54101	0	0.922133896700558	0	40.846442695154	1.72801590979631	0	0	0	0	1.23016635951043	0	1.18422650577815	0	0	0	0
64699	0.848720317943328	0	3.20629220604289	0.850967556149043	0	1.70485046562491	0	0	2.0951424521626	3.69049907853128	0	0	0	0	0	0
106481742	0	0	1.06876406868096	0	0	0	0	0	0	0	0	0	0	0	0	0
111216286	0.848720317943328	0	0	0	0	2.55727569843737	0	0	0	0	1.26422784637217	0	5.43117676481164	0.738957509786521	0	0
8318	6.78976254354662	28.5861507977173	3.20629220604289	6.80774044919234	28.5122625116391	5.96697662968719	10.9310571852111	45.6093676288376	24.0941381998699	25.833493549719	40.4552910839094	37.8952481849008	66.9845134326769	44.3374505871913	66.9312581348589	88.5793237213977
105372863	2.54616095382998	4.61066948350279	0	0	9.50408750387971	0.852425232812456	3.64368572840371	7.98163933504658	1.0475712260813	6.15083179755214	5.05691138548867	0	10.8623535296233	0	2.71342938384563	0
3053	0	0.922133896700558	0	6.80774044919234	152.929408016973	78.423121418746	37.3477787161381	12.5425760979303	0	0	8.84959492460517	55.658645771573	1.81039225493721	363.567094814969	2.71342938384563	11.1889672069134
23532	185.021029311645	0	0	0.850967556149043	26.7842466018428	0	35.5259358519362	4.56093676288376	111.042549964618	7.38099815706257	0	0	5.43117676481164	1.47791501957304	0	0.93241393390945
28809	0.848720317943328	0	0	0.850967556149043	25.9202386469447	10.2291027937495	0	0	13.6184259390569	230.04110922845	0	0	0	2.21687252935956	0	3.7296557356378
5008	16.1256860409232	1.84426779340112	1.06876406868096	9.36064311763947	3.45603181959262	25.5727569843737	4.55460716050464	4.56093676288376	0	4.92066543804171	3.7926835391165	7.10535903466889	1.81039225493721	1.47791501957304	8.1402881515369	7.4593114712756
9582	7.63848286148995	3.68853558680223	4.27505627472385	14.4664484545337	9.50408750387971	7.67182709531211	11.8419786173121	11.4023419072094	27.2368518781138	13.5318299546147	13.9065063100938	4.7369060231126	0	17.7349802348765	13.5671469192282	35.4317294885591
100874530	6.78976254354662	1.84426779340112	0	2.55290266844713	2.59202386469447	4.26212616406228	3.64368572840371	7.98163933504658	7.33299858256909	4.92066543804171	6.32113923186084	1.18422650577815	0	11.8233201565843	8.1402881515369	15.8510368764606
26150	0.848720317943328	5.53280338020335	0	5.10580533689426	27.648254556741	7.67182709531211	4.55460716050464	4.56093676288376	3.1427136782439	3.69049907853128	22.756101234699	3.55267951733445	0	4.43374505871913	7.23581169025502	13.9862090086417
7477	0	0	0	1.70193511229809	0	0	0.910921432100928	0	0	0	0	3.55267951733445	0	2.21687252935956	0.904476461281877	0
51512	48.3770581227697	149.38569126549	3.20629220604289	17.0193511229809	24.1922227371483	11.9339532593744	11.8419786173121	25.0851521958607	42.9504202693333	17.222329033146	17.6991898492103	16.5791710808941	81.4676514721747	31.0362154110339	40.7014407576845	51.2827663650197
113730	19.5205673126965	0.922133896700558	0	0.850967556149043	12.9601193234723	5.11455139687474	1.82184286420186	0	12.5708547129756	6.15083179755214	0	4.7369060231126	0	11.8233201565843	5.42685876769126	4.66206966954725
107985627	0	0	0	0	0	1.70485046562491	7.28737145680743	2.28046838144188	1.0475712260813	1.23016635951043	18.9634176955825	0	28.9662760789954	0	8.1402881515369	2.79724180172835
9758	0.848720317943328	0	149.626969615335	0	0	13.6388037249993	5.46552859260557	0	1.0475712260813	0	0	0	0	1.47791501957304	0	0.93241393390945
349408	0	0	0	0	0	0	0	0	0	0	0	2.3684530115563	0	0.738957509786521	0.904476461281877	1.8648278678189
109729169	0	0	0	0	1.72801590979631	0	2.73276429630278	0	0	1.23016635951043	0	5.92113252889075	0	10.3454051370113	0	0
2277	247.826332839452	19.3648118307117	21.3752813736193	1239.00876175301	10.3680954587779	3.40970093124983	571.147737927282	49.0300702010004	114.185263642862	35.6748244258024	316.056961593042	86.4485349218049	9.05196127468607	61.3334733122813	208.029586094832	125.875881077776
105373150	0	0	4.27505627472385	0	0	0	0.910921432100928	0	0	6.15083179755214	0	0	0	0	0.904476461281877	0
729442	0	0	0	0	0	0	0	0	0	1.23016635951043	0	0	0	0	0	0
729447	0	0	0	0	0	0.852425232812456	0	0	0	0	1.26422784637217	0	0	0.738957509786521	0	5.5944836034567
24137	6.78976254354662	49.7952304218302	5.34382034340481	6.80774044919234	6.91206363918524	1.70485046562491	18.2184286420186	49.0300702010004	60.7591311127154	14.7619963141251	15.170734156466	27.2372096328974	14.4831380394977	25.8635128425282	47.0327759866576	52.2151802989292
54821	13.5795250870932	18.4426779340112	7.48134848076674	2.55290266844713	12.9601193234723	11.9339532593744	3.64368572840371	17.1035128608141	27.2368518781138	7.38099815706257	7.58536707823301	16.5791710808941	21.7247070592466	12.5622776663709	18.9940056869194	11.1889672069134
5354	810.527903635878	13806.1887014008	7.48134848076674	79.99095027801	944.360694703684	708.365368467151	4507.23924603539	2246.26135572025	117.327977321106	3390.33848681074	8147.94846986862	2946.35554637603	744.071216779195	3425.06805786053	12270.1276737499	78.3227704483938
8471	22.0667282665265	1.84426779340112	10091.2703364856	84.2457880587552	3.45603181959262	5.11455139687474	45.5460716050464	11.4023419072094	9.42814103473169	1936.28184986941	29.0772404665599	13.0264915635596	21.7247070592466	39.9037055284722	1630.77105969122	4.66206966954725
186	53.4693800304296	3139.8659182654	1.06876406868096	64.6735342673272	0	58.8173410640595	1978.52135052322	10.2621077164885	756.346425230698	89.8021442442613	1640.96774459107	338.688780652551	48.8805908833048	577.86477265306	1494.19511403766	150.118643359421
102723547	0	0	0	0	0	0	0	0	0	0	0	0	0	0	0	0.93241393390945
158511	0	1.84426779340112	0	0	0	0.852425232812456	0	0	0	0	0	1.18422650577815	0	0	1.80895292256375	3.7296557356378
389903	0	0	0	0	0	0	0	0	2.0951424521626	0	0	0	0	0	0	0.93241393390945
